sub_trial,time,a,z,a_t,z_t,sniff,hand,hand_t,trial,sub,a_loc,z_loc,group,correct,condition,time_ms
sub11_3,57:29.4,a8,z1,2.85,6.573,0,0,0,3,sub11,8,1,b,3,left blocked,3499782
sub11_3,57:29.4,a8,z1,2.85,37.87,0,0,0,3,sub11,8,1,b,3,left blocked,3499785
sub11_3,57:30.1,a8,z1,2.85,37.87,1,0,0,3,sub11,8,1,b,3,left blocked,3500519
sub11_3,57:32.1,a8,z1,2.85,37.87,1,0,0,3,sub11,8,1,b,3,left blocked,3502488
sub11_3,57:32.2,a9,z1,1.457,37.87,0,0,0,3,sub11,9,1,b,3,left blocked,3502632
sub11_3,57:33.7,a10,z1,3.356,37.87,0,0,0,3,sub11,10,1,b,3,left blocked,3504089
sub11_3,57:35.8,a10,z1,3.356,37.87,1,0,0,3,sub11,10,1,b,3,left blocked,3506158
sub11_3,57:37.0,a11,z1,1.82,37.87,0,0,0,3,sub11,11,1,b,3,left blocked,3507446
sub11_3,57:37.7,a11,z1,1.82,37.87,1,0,0,3,sub11,11,1,b,3,left blocked,3508060
sub11_3,57:38.9,a12,z1,1.236,37.87,0,0,0,3,sub11,12,1,b,3,left blocked,3509266
sub11_3,57:39.1,a12,z1,1.236,37.87,1,0,0,3,sub11,12,1,b,3,left blocked,3509528
sub11_3,57:40.1,a11,z1,0.961,37.87,0,0,0,3,sub11,11,1,b,3,left blocked,3510502
sub11_3,57:41.1,a10,z1,1.034,37.87,0,0,0,3,sub11,10,1,b,3,left blocked,3511463
sub11_3,57:41.3,a10,z1,1.034,37.87,1,0,0,3,sub11,10,1,b,3,left blocked,3511730
sub11_3,57:42.1,a9,z1,1.468,37.87,0,0,0,3,sub11,9,1,b,3,left blocked,3512498
sub11_3,57:42.7,a9,z1,1.468,37.87,1,0,0,3,sub11,9,1,b,3,left blocked,3513132
sub11_3,57:43.6,a8,z1,1.735,37.87,0,0,0,3,sub11,8,1,b,3,left blocked,3513966
sub11_3,57:44.3,a8,z1,1.735,37.87,1,0,0,3,sub11,8,1,b,3,left blocked,3514733
sub11_3,57:45.3,a7,z1,2.169,37.87,0,0,0,3,sub11,7,1,b,3,left blocked,3515701
sub11_3,57:46.2,a7,z1,2.169,37.87,1,0,0,3,sub11,7,1,b,3,left blocked,3516568
sub11_3,57:47.5,a6,z1,2.202,37.87,0,0,0,3,sub11,6,1,b,3,left blocked,3517869
sub11_3,57:48.0,a6,z1,2.202,37.87,1,0,0,3,sub11,6,1,b,3,left blocked,3518437
sub11_3,57:49.7,a5,z1,1.301,37.87,0,0,0,3,sub11,5,1,b,3,left blocked,3520072
sub11_3,57:49.9,a5,z1,1.301,37.87,1,0,0,3,sub11,5,1,b,3,left blocked,3520339
sub11_3,57:51.0,a4,z1,2.202,37.87,0,0,0,3,sub11,4,1,b,3,left blocked,3521373
sub11_3,57:52.4,a4,z1,2.202,37.87,1,0,0,3,sub11,4,1,b,3,left blocked,3522808
sub11_3,57:53.2,a3,z1,3.437,37.87,0,0,0,3,sub11,3,1,b,3,left blocked,3523575
sub11_3,57:55.3,a3,z1,3.437,37.87,1,0,0,3,sub11,3,1,b,3,left blocked,3525710
sub11_3,57:56.6,a2,z1,1.635,37.87,0,0,0,3,sub11,2,1,b,3,left blocked,3527012
sub11_3,57:57.2,a2,z1,1.635,37.87,1,0,0,3,sub11,2,1,b,3,left blocked,3527646
sub11_3,57:58.2,a1,z1,1.568,37.87,0,0,0,3,sub11,1,1,b,3,left blocked,3528647
sub11_3,57:59.1,a1,z1,1.568,37.87,1,0,0,3,sub11,1,1,b,3,left blocked,3529548
sub11_3,57:59.8,a2,z1,1.068,37.87,0,0,0,3,sub11,2,1,b,3,left blocked,3530215
sub11_3,58:00.9,a3,z1,0.367,37.87,0,0,0,3,sub11,3,1,b,3,left blocked,3531283
sub11_3,58:01.3,a4,z1,1.401,37.87,0,0,0,3,sub11,4,1,b,3,left blocked,3531650
sub11_3,58:02.7,a5,z1,1.301,37.87,0,0,0,3,sub11,5,1,b,3,left blocked,3533051
sub11_3,58:03.6,a5,z1,1.301,37.87,1,0,0,3,sub11,5,1,b,3,left blocked,3533952
sub11_3,58:04.0,a6,z1,1.602,37.87,0,0,0,3,sub11,6,1,b,3,left blocked,3534352
sub11_3,58:04.6,a6,z1,1.602,37.87,1,0,0,3,sub11,6,1,b,3,left blocked,3535020
sub11_3,58:05.6,a5,z1,1.602,37.87,0,0,0,3,sub11,5,1,b,3,left blocked,3535954
sub11_3,58:06.6,a5,z1,1.602,37.87,1,0,0,3,sub11,5,1,b,3,left blocked,3537022
sub11_3,58:07.2,a6,z1,0.1,37.87,0,0,0,3,sub11,6,1,b,3,left blocked,3537555
sub11_3,58:18.5,a5,z2,3.971,31.531,0,0,0,3,sub11,5,2,b,3,left blocked,3548900
sub11_3,58:20.2,a5,z2,3.971,31.531,1,0,0,3,sub11,5,2,b,3,left blocked,3550635
sub11_3,58:21.9,a5,z2,3.971,31.531,1,0,0,3,sub11,5,2,b,3,left blocked,3552337
sub11_3,58:22.5,a4,z2,3.07,31.531,0,0,0,3,sub11,4,2,b,3,left blocked,3552870
sub11_3,58:23.5,a4,z2,3.07,31.531,1,0,0,3,sub11,4,2,b,3,left blocked,3553871
sub11_3,58:24.5,a4,z2,3.07,31.531,0,1,25.486,3,sub11,4,2,b,3,left blocked,3554906
sub11_3,58:25.5,a4,z2,3.07,31.531,1,1,25.486,3,sub11,4,2,b,3,left blocked,3555907
sub11_3,58:25.5,a5,z2,1.435,31.531,0,1,25.486,3,sub11,5,2,b,3,left blocked,3555940
sub11_3,58:26.6,a5,z2,1.435,31.531,1,1,25.486,3,sub11,5,2,b,3,left blocked,3556974
sub11_3,58:27.0,a4,z2,0.968,31.531,0,1,25.486,3,sub11,4,2,b,3,left blocked,3557375
sub11_3,58:27.9,a3,z2,1.768,31.531,0,1,25.486,3,sub11,3,2,b,3,left blocked,3558342
sub11_3,58:28.4,a3,z2,1.768,31.531,1,1,25.486,3,sub11,3,2,b,3,left blocked,3558843
sub11_3,58:29.7,a2,z2,1.501,31.531,0,1,25.486,3,sub11,2,2,b,3,left blocked,3560111
sub11_3,58:30.3,a2,z2,1.501,31.531,1,1,25.486,3,sub11,2,2,b,3,left blocked,3560745
sub11_3,58:31.2,a1,z2,1.902,31.531,0,1,25.486,3,sub11,1,2,b,3,left blocked,3561612
sub11_3,58:32.3,a1,z2,1.902,31.531,1,1,25.486,3,sub11,1,2,b,3,left blocked,3562713
sub11_3,58:33.1,a2,z2,0.133,31.531,0,1,25.486,3,sub11,2,2,b,3,left blocked,3563514
sub11_3,58:33.2,a3,z2,0.334,31.531,0,1,25.486,3,sub11,3,2,b,3,left blocked,3563648
sub11_3,58:33.6,a4,z2,0.5,31.531,0,1,25.486,3,sub11,4,2,b,3,left blocked,3563981
sub11_3,58:34.1,a5,z2,0.367,31.531,0,1,25.486,3,sub11,5,2,b,3,left blocked,3564482
sub11_3,58:34.3,a5,z2,0.367,31.531,1,1,25.486,3,sub11,5,2,b,3,left blocked,3564715
sub11_3,58:34.4,a6,z2,0.367,31.531,0,1,25.486,3,sub11,6,2,b,3,left blocked,3564849
sub11_3,58:34.8,a7,z2,0.367,31.531,0,1,25.486,3,sub11,7,2,b,3,left blocked,3565216
sub11_3,58:35.2,a8,z2,0.367,31.531,0,1,25.486,3,sub11,8,2,b,3,left blocked,3565583
sub11_3,58:35.6,a9,z2,0.367,31.531,0,1,25.486,3,sub11,9,2,b,3,left blocked,3565950
sub11_3,58:35.9,a10,z2,0.723,31.531,0,1,25.486,3,sub11,10,2,b,3,left blocked,3566317
sub11_3,58:36.6,a11,z2,1.353,31.531,0,1,25.486,3,sub11,11,2,b,3,left blocked,3567040
sub11_3,58:37.8,a11,z2,1.353,31.531,1,1,25.486,3,sub11,11,2,b,3,left blocked,3568152
sub11_3,58:38.0,a12,z2,1.283,31.531,0,1,25.486,3,sub11,12,2,b,3,left blocked,3568393
sub11_3,58:39.3,a11,z2,1.312,31.531,0,1,25.486,3,sub11,11,2,b,3,left blocked,3569676
sub11_3,58:39.7,a11,z2,1.312,31.531,1,1,25.486,3,sub11,11,2,b,3,left blocked,3570121
sub11_3,58:40.6,a10,z2,1.768,31.531,0,1,25.486,3,sub11,10,2,b,3,left blocked,3570988
sub11_3,58:41.2,a10,z2,1.768,31.531,1,1,25.486,3,sub11,10,2,b,3,left blocked,3571622
sub11_3,58:42.4,a9,z2,1.735,31.531,0,1,25.486,3,sub11,9,2,b,3,left blocked,3572757
sub11_3,58:43.0,a9,z2,1.735,31.531,1,1,25.486,3,sub11,9,2,b,3,left blocked,3573424
sub11_3,58:44.1,a8,z2,1.134,31.531,0,1,25.486,3,sub11,8,2,b,3,left blocked,3574492
sub11_3,58:44.6,a8,z2,1.134,31.531,1,1,25.486,3,sub11,8,2,b,3,left blocked,3575025
sub11_3,58:45.2,a7,z2,1.902,31.531,0,1,25.486,3,sub11,7,2,b,3,left blocked,3575626
sub11_3,58:46.1,a7,z2,1.902,31.531,1,1,25.486,3,sub11,7,2,b,3,left blocked,3576527
sub11_3,58:47.1,a6,z2,1.969,31.531,0,1,25.486,3,sub11,6,2,b,3,left blocked,3577528
sub11_3,58:47.6,a6,z2,1.969,31.531,1,1,25.486,3,sub11,6,2,b,3,left blocked,3577995
sub11_3,58:49.1,a5,z2,0.901,31.531,0,1,25.486,3,sub11,5,2,b,3,left blocked,3579496
sub11_3,58:49.3,a5,z2,0.901,31.531,1,1,25.486,3,sub11,5,2,b,3,left blocked,3579663
sub11_3,58:58.5,a5,z3,2.897,35.868,0,0,0,3,sub11,5,3,b,3,left blocked,3588912
sub11_3,59:00.1,a5,z3,2.897,35.868,1,0,0,3,sub11,5,3,b,3,left blocked,3590541
sub11_3,59:01.2,a5,z3,2.897,35.868,0,1,0,3,sub11,5,3,b,3,left blocked,3591575
sub11_3,59:01.4,a6,z3,2.336,35.868,0,0,0,3,sub11,6,3,b,3,left blocked,3591809
sub11_3,59:02.0,a6,z3,2.336,35.868,1,0,0,3,sub11,6,3,b,3,left blocked,3592376
sub11_3,59:03.7,a7,z3,1.835,35.868,0,0,0,3,sub11,7,3,b,3,left blocked,3594144
sub11_3,59:04.7,a7,z3,1.835,35.868,1,0,0,3,sub11,7,3,b,3,left blocked,3595145
sub11_3,59:05.6,a8,z3,2.102,35.868,0,0,0,3,sub11,8,3,b,3,left blocked,3595979
sub11_3,59:06.6,a8,z3,2.102,35.868,1,0,0,3,sub11,8,3,b,3,left blocked,3597047
sub11_3,59:07.7,a9,z3,1.702,35.868,0,0,0,3,sub11,9,3,b,3,left blocked,3598081
sub11_3,59:08.5,a9,z3,1.702,35.868,1,0,0,3,sub11,9,3,b,3,left blocked,3598882
sub11_3,59:09.4,a10,z3,2.563,35.868,0,0,0,3,sub11,10,3,b,3,left blocked,3599783
sub11_3,59:10.4,a10,z3,2.563,35.868,1,0,0,3,sub11,10,3,b,3,left blocked,3600817
sub11_3,59:11.9,a11,z3,1.369,35.868,0,0,0,3,sub11,11,3,b,3,left blocked,3602346
sub11_3,59:12.0,a11,z3,1.369,35.868,1,0,0,3,sub11,11,3,b,3,left blocked,3602419
sub11_3,59:13.3,a12,z3,1.182,35.868,0,0,0,3,sub11,12,3,b,3,left blocked,3603715
sub11_3,59:13.5,a12,z3,1.182,35.868,1,0,0,3,sub11,12,3,b,3,left blocked,3603920
sub11_3,59:14.5,a11,z3,0.358,35.868,0,0,0,3,sub11,11,3,b,3,left blocked,3604897
sub11_3,59:14.9,a10,z3,0.2,35.868,0,0,0,3,sub11,10,3,b,3,left blocked,3605255
sub11_3,59:15.1,a8,z3,0.133,35.868,0,0,0,3,sub11,8,3,b,3,left blocked,3605455
sub11_3,59:15.2,a9,z3,0.4,35.868,0,0,0,3,sub11,9,3,b,3,left blocked,3605589
sub11_3,59:15.6,a7,z3,0.2,35.868,0,0,0,3,sub11,7,3,b,3,left blocked,3605989
sub11_3,59:15.8,a6,z3,0.2,35.868,0,0,0,3,sub11,6,3,b,3,left blocked,3606189
sub11_3,59:16.0,a5,z3,0.267,35.868,0,0,0,3,sub11,5,3,b,3,left blocked,3606389
sub11_3,59:16.3,a4,z3,0.3,35.868,0,0,0,3,sub11,4,3,b,3,left blocked,3606656
sub11_3,59:16.6,a3,z3,0.367,35.868,0,0,0,3,sub11,3,3,b,3,left blocked,3606957
sub11_3,59:16.9,a2,z3,0.534,35.868,0,0,0,3,sub11,2,3,b,3,left blocked,3607324
sub11_3,59:17.5,a1,z3,0.934,35.868,0,0,0,3,sub11,1,3,b,3,left blocked,3607858
sub11_3,59:17.9,a1,z3,0.934,35.868,1,0,0,3,sub11,1,3,b,3,left blocked,3608258
sub11_3,59:18.4,a2,z3,1.702,35.868,0,0,0,3,sub11,2,3,b,3,left blocked,3608792
sub11_3,59:19.3,a2,z3,1.702,35.868,1,0,0,3,sub11,2,3,b,3,left blocked,3609726
sub11_3,59:20.1,a3,z3,1.735,35.868,0,0,0,3,sub11,3,3,b,3,left blocked,3610493
sub11_3,59:20.8,a3,z3,1.735,35.868,1,0,0,3,sub11,3,3,b,3,left blocked,3611228
sub11_3,59:21.8,a4,z3,1.568,35.868,0,0,0,3,sub11,4,3,b,3,left blocked,3612228
sub11_3,59:22.4,a4,z3,1.568,35.868,1,0,0,3,sub11,4,3,b,3,left blocked,3612829
sub11_3,59:23.4,a5,z3,2.836,35.868,0,0,0,3,sub11,5,3,b,3,left blocked,3613797
sub11_3,59:24.0,a5,z3,2.836,35.868,1,0,0,3,sub11,5,3,b,3,left blocked,3614397
sub11_3,59:26.2,a6,z3,2.035,35.868,0,0,0,3,sub11,6,3,b,3,left blocked,3616633
sub11_3,59:27.0,a6,z3,2.035,35.868,1,0,0,3,sub11,6,3,b,3,left blocked,3617400
sub11_3,59:28.3,a7,z3,1.935,35.868,0,0,0,3,sub11,7,3,b,3,left blocked,3618668
sub11_3,59:28.6,a7,z3,1.935,35.868,1,0,0,3,sub11,7,3,b,3,left blocked,3618968
sub11_3,59:30.2,a8,z3,1.368,35.868,0,0,0,3,sub11,8,3,b,3,left blocked,3620603
sub11_3,59:30.7,a8,z3,1.368,35.868,1,0,0,3,sub11,8,3,b,3,left blocked,3621070
sub11_3,59:31.6,a7,z3,0.434,35.868,0,0,0,3,sub11,7,3,b,3,left blocked,3621971
sub11_3,59:31.7,a7,z3,0.434,35.868,1,0,0,3,sub11,7,3,b,3,left blocked,3622105
sub11_3,59:32.0,a6,z3,0.634,35.868,0,0,0,3,sub11,6,3,b,3,left blocked,3622405
sub11_3,59:32.6,a5,z3,1.268,35.868,0,0,0,3,sub11,5,3,b,3,left blocked,3623039
sub11_3,59:33.0,a5,z3,1.268,35.868,1,0,0,3,sub11,5,3,b,3,left blocked,3623406
sub11_3,59:33.9,a4,z3,0.467,35.868,0,0,0,3,sub11,4,3,b,3,left blocked,3624307
sub11_3,59:44.7,a5,z4,3.37,31.164,0,0,0,3,sub11,5,4,b,3,left blocked,3635051
sub11_3,59:46.2,a5,z4,3.37,31.164,1,0,0,3,sub11,5,4,b,3,left blocked,3636586
sub11_3,59:48.0,a4,z4,1.401,31.164,0,0,0,3,sub11,4,4,b,3,left blocked,3638421
sub11_3,59:48.6,a4,z4,1.401,31.164,1,0,0,3,sub11,4,4,b,3,left blocked,3639021
sub11_3,59:49.4,a3,z4,1.735,31.164,0,0,0,3,sub11,3,4,b,3,left blocked,3639822
sub11_3,59:50.7,a3,z4,1.735,31.164,1,0,0,3,sub11,3,4,b,3,left blocked,3641057
sub11_3,59:51.2,a2,z4,2.202,31.164,0,0,0,3,sub11,2,4,b,3,left blocked,3641557
sub11_3,59:52.4,a2,z4,2.202,31.164,1,0,0,3,sub11,2,4,b,3,left blocked,3642792
sub11_3,59:53.4,a1,z4,2.436,31.164,0,0,0,3,sub11,1,4,b,3,left blocked,3643759
sub11_3,59:55.1,a1,z4,2.436,31.164,1,0,0,3,sub11,1,4,b,3,left blocked,3645461
sub11_3,59:55.8,a2,z4,0.367,31.164,0,0,0,3,sub11,2,4,b,3,left blocked,3646195
sub11_3,59:56.2,a3,z4,0.367,31.164,0,0,0,3,sub11,3,4,b,3,left blocked,3646562
sub11_3,59:56.5,a4,z4,0.033,31.164,0,0,0,3,sub11,4,4,b,3,left blocked,3646929
sub11_3,59:56.6,a5,z4,0.534,31.164,0,0,0,3,sub11,5,4,b,3,left blocked,3646963
sub11_3,59:57.1,a6,z4,0.367,31.164,0,0,0,3,sub11,6,4,b,3,left blocked,3647496
sub11_3,59:57.5,a7,z4,0.067,31.164,0,0,0,3,sub11,7,4,b,3,left blocked,3647863
sub11_3,59:57.5,a8,z4,0.334,31.164,0,0,0,3,sub11,8,4,b,3,left blocked,3647930
sub11_3,59:57.9,a9,z4,0.3,31.164,0,0,0,3,sub11,9,4,b,3,left blocked,3648264
sub11_3,59:58.2,a10,z4,0.643,31.164,0,0,0,3,sub11,10,4,b,3,left blocked,3648564
sub11_3,59:58.8,a11,z4,0.925,31.164,0,0,0,3,sub11,11,4,b,3,left blocked,3649207
sub11_3,59:59.7,a12,z4,1.453,31.164,0,0,0,3,sub11,12,4,b,3,left blocked,3650132
sub11_3,59:59.9,a12,z4,1.453,31.164,1,0,0,3,sub11,12,4,b,3,left blocked,3650299
sub11_3,00:01.2,a11,z4,1.35,31.164,0,0,0,3,sub11,11,4,b,3,left blocked,55185
sub11_3,00:01.6,a11,z4,1.35,31.164,1,0,0,3,sub11,11,4,b,3,left blocked,55567
sub11_3,00:02.5,a10,z4,1.768,31.164,0,0,0,3,sub11,10,4,b,3,left blocked,56535
sub11_3,00:03.1,a10,z4,1.768,31.164,1,0,0,3,sub11,10,4,b,3,left blocked,57136
sub11_3,00:04.3,a9,z4,2.703,31.164,0,0,0,3,sub11,9,4,b,3,left blocked,58303
sub11_3,00:05.1,a9,z4,2.703,31.164,1,0,0,3,sub11,9,4,b,3,left blocked,59071
sub11_3,00:06.4,a9,z4,2.703,31.164,1,0,0,3,sub11,9,4,b,3,left blocked,60372
sub11_3,00:07.0,a8,z4,2.102,31.164,0,0,0,3,sub11,8,4,b,3,left blocked,61006
sub11_3,00:08.3,a8,z4,2.102,31.164,1,0,0,3,sub11,8,4,b,3,left blocked,62274
sub11_3,00:09.1,a7,z4,2.135,31.164,0,0,0,3,sub11,7,4,b,3,left blocked,63108
sub11_3,00:10.5,a7,z4,2.135,31.164,1,0,0,3,sub11,7,4,b,3,left blocked,64543
sub11_3,00:11.2,a6,z4,4.304,31.164,0,0,0,3,sub11,6,4,b,3,left blocked,65244
sub11_3,00:12.1,a6,z4,4.304,31.164,1,0,0,3,sub11,6,4,b,3,left blocked,66144
sub11_3,00:15.3,a6,z4,4.304,31.164,1,0,0,3,sub11,6,4,b,3,left blocked,69314
sub11_3,00:15.5,a5,z4,0.267,31.164,0,0,0,3,sub11,5,4,b,3,left blocked,69548
sub11_3,00:27.4,a4,z5,2.757,40.239,0,0,0,3,sub11,4,5,b,3,left blocked,81372
sub11_3,00:28.7,a4,z5,2.757,40.239,1,0,0,3,sub11,4,5,b,3,left blocked,82661
sub11_3,00:30.1,a3,z5,2.202,40.239,0,0,0,3,sub11,3,5,b,3,left blocked,84129
sub11_3,00:31.5,a3,z5,2.202,40.239,1,0,0,3,sub11,3,5,b,3,left blocked,85530
sub11_3,00:32.3,a2,z5,2.002,40.239,0,0,0,3,sub11,2,5,b,3,left blocked,86331
sub11_3,00:33.6,a2,z5,2.002,40.239,1,0,0,3,sub11,2,5,b,3,left blocked,87599
sub11_3,00:34.3,a1,z5,1.401,40.239,0,0,0,3,sub11,1,5,b,3,left blocked,88333
sub11_3,00:35.1,a1,z5,1.401,40.239,1,0,0,3,sub11,1,5,b,3,left blocked,89134
sub11_3,00:35.7,a2,z5,0.5,40.239,0,0,0,3,sub11,2,5,b,3,left blocked,89734
sub11_3,00:36.2,a3,z5,0.3,40.239,0,0,0,3,sub11,3,5,b,3,left blocked,90235
sub11_3,00:36.5,a4,z5,0.367,40.239,0,0,0,3,sub11,4,5,b,3,left blocked,90535
sub11_3,00:36.9,a5,z5,0.434,40.239,0,0,0,3,sub11,5,5,b,3,left blocked,90902
sub11_3,00:37.3,a6,z5,0.367,40.239,0,0,0,3,sub11,6,5,b,3,left blocked,91336
sub11_3,00:37.7,a7,z5,0.367,40.239,0,0,0,3,sub11,7,5,b,3,left blocked,91703
sub11_3,00:38.1,a8,z5,0.267,40.239,0,0,0,3,sub11,8,5,b,3,left blocked,92070
sub11_3,00:38.3,a9,z5,0.033,40.239,0,0,0,3,sub11,9,5,b,3,left blocked,92337
sub11_3,00:38.4,a10,z5,0.697,40.239,0,0,0,3,sub11,10,5,b,3,left blocked,92370
sub11_3,00:39.1,a11,z5,0.973,40.239,0,0,0,3,sub11,11,5,b,3,left blocked,93067
sub11_3,00:40.0,a12,z5,1.794,40.239,0,0,0,3,sub11,12,5,b,3,left blocked,94039
sub11_3,00:40.4,a12,z5,1.794,40.239,1,0,0,3,sub11,12,5,b,3,left blocked,94372
sub11_3,00:41.4,a12,z5,1.794,40.239,1,0,0,3,sub11,12,5,b,3,left blocked,95406
sub11_3,00:41.8,a11,z5,2.243,40.239,0,0,0,3,sub11,11,5,b,3,left blocked,95833
sub11_3,00:43.2,a11,z5,2.243,40.239,1,0,0,3,sub11,11,5,b,3,left blocked,97175
sub11_3,00:44.1,a10,z5,1.762,40.239,0,0,0,3,sub11,10,5,b,3,left blocked,98076
sub11_3,00:45.7,a10,z5,1.762,40.239,1,0,0,3,sub11,10,5,b,3,left blocked,99711
sub11_3,00:45.8,a11,z5,1.841,40.239,0,0,0,3,sub11,11,5,b,3,left blocked,99838
sub11_3,00:47.3,a11,z5,1.841,40.239,1,0,0,3,sub11,11,5,b,3,left blocked,101312
sub11_3,00:47.7,a10,z5,2.269,40.239,0,0,0,3,sub11,10,5,b,3,left blocked,101679
sub11_3,00:48.7,a10,z5,2.269,40.239,1,0,0,3,sub11,10,5,b,3,left blocked,102747
sub11_3,00:49.9,a9,z5,1.735,40.239,0,0,0,3,sub11,9,5,b,3,left blocked,103948
sub11_3,00:50.6,a9,z5,1.735,40.239,1,0,0,3,sub11,9,5,b,3,left blocked,104615
sub11_3,00:51.7,a8,z5,8.809,40.239,0,0,0,3,sub11,8,5,b,3,left blocked,105683
sub11_3,00:52.4,a8,z5,8.809,40.239,1,0,0,3,sub11,8,5,b,3,left blocked,106384
sub11_3,00:54.5,a8,z5,8.809,40.239,1,0,0,3,sub11,8,5,b,3,left blocked,108486
sub11_3,00:54.6,a8,z5,8.809,40.239,1,0,0,3,sub11,8,5,b,3,left blocked,108586
sub11_3,00:56.2,a8,z5,8.809,40.239,1,0,0,3,sub11,8,5,b,3,left blocked,110154
sub11_3,00:57.0,a8,z5,8.809,40.239,1,0,0,3,sub11,8,5,b,3,left blocked,111022
sub11_3,00:57.3,a8,z5,8.809,40.239,0,1,10.337,3,sub11,8,5,b,3,left blocked,111255
sub11_3,00:57.4,a8,z5,8.809,40.239,1,1,10.337,3,sub11,8,5,b,3,left blocked,111355
sub11_3,00:59.6,a8,z5,8.809,40.239,1,1,10.337,3,sub11,8,5,b,3,left blocked,113624
sub11_3,01:00.5,a7,z5,2.569,40.239,0,1,10.337,3,sub11,7,5,b,3,left blocked,114492
sub11_3,01:01.1,a7,z5,2.569,40.239,1,1,10.337,3,sub11,7,5,b,3,left blocked,115126
sub11_3,01:02.2,a7,z5,2.569,40.239,1,1,10.337,3,sub11,7,5,b,3,left blocked,116160
sub11_3,01:03.1,a6,z5,2.936,40.239,0,1,10.337,3,sub11,6,5,b,3,left blocked,117061
sub11_3,01:04.5,a6,z5,2.936,40.239,1,1,10.337,3,sub11,6,5,b,3,left blocked,118529
sub11_3,01:06.0,a5,z5,1.101,40.239,0,1,10.337,3,sub11,5,5,b,3,left blocked,119997
sub11_3,01:06.2,a5,z5,1.101,40.239,1,1,10.337,3,sub11,5,5,b,3,left blocked,120231
sub11_3,01:07.1,a6,z5,0.367,40.239,0,1,10.337,3,sub11,6,5,b,3,left blocked,121098
sub11_3,01:07.5,a7,z5,0.133,40.239,0,1,10.337,3,sub11,7,5,b,3,left blocked,121465
sub11_3,01:17.7,a7,z6,3.26,30.697,0,0,0,3,sub11,7,6,b,3,left blocked,131652
sub11_3,01:18.6,a7,z6,3.26,30.697,1,0,0,3,sub11,7,6,b,3,left blocked,132643
sub11_3,01:19.9,a7,z6,3.26,30.697,1,0,0,3,sub11,7,6,b,3,left blocked,133944
sub11_3,01:20.9,a8,z6,1.668,30.697,0,0,0,3,sub11,8,6,b,3,left blocked,134912
sub11_3,01:21.8,a8,z6,1.668,30.697,1,0,0,3,sub11,8,6,b,3,left blocked,135779
sub11_3,01:22.6,a9,z6,1.902,30.697,0,0,0,3,sub11,9,6,b,3,left blocked,136580
sub11_3,01:23.6,a9,z6,1.902,30.697,1,0,0,3,sub11,9,6,b,3,left blocked,137614
sub11_3,01:24.5,a8,z6,0.1,30.697,0,0,0,3,sub11,8,6,b,3,left blocked,138482
sub11_3,01:24.5,a8,z6,0.1,30.697,0,1,23.85,3,sub11,8,6,b,3,left blocked,138482
sub11_3,01:24.6,a7,z6,2.536,30.697,0,1,23.85,3,sub11,7,6,b,3,left blocked,138582
sub11_3,01:25.6,a7,z6,2.536,30.697,1,1,23.85,3,sub11,7,6,b,3,left blocked,139650
sub11_3,01:27.1,a8,z6,0.434,30.697,0,1,23.85,3,sub11,8,6,b,3,left blocked,141118
sub11_3,01:27.6,a9,z6,2.169,30.697,0,1,23.85,3,sub11,9,6,b,3,left blocked,141552
sub11_3,01:28.5,a9,z6,2.169,30.697,1,1,23.85,3,sub11,9,6,b,3,left blocked,142486
sub11_3,01:29.7,a10,z6,0.367,30.697,0,1,23.85,3,sub11,10,6,b,3,left blocked,143720
sub11_3,01:30.1,a9,z6,1.835,30.697,0,1,23.85,3,sub11,9,6,b,3,left blocked,144087
sub11_3,01:30.7,a9,z6,1.835,30.697,1,1,23.85,3,sub11,9,6,b,3,left blocked,144655
sub11_3,01:31.9,a10,z6,2.288,30.697,0,1,23.85,3,sub11,10,6,b,3,left blocked,145923
sub11_3,01:33.1,a10,z6,2.288,30.697,1,1,23.85,3,sub11,10,6,b,3,left blocked,147057
sub11_3,01:34.2,a11,z6,1.212,30.697,0,1,23.85,3,sub11,11,6,b,3,left blocked,148210
sub11_3,01:34.6,a11,z6,1.212,30.697,1,1,23.85,3,sub11,11,6,b,3,left blocked,148592
sub11_3,01:35.4,a12,z6,1.157,30.697,0,1,23.85,3,sub11,12,6,b,3,left blocked,149422
sub11_3,01:35.9,a12,z6,1.157,30.697,1,1,23.85,3,sub11,12,6,b,3,left blocked,149860
sub11_3,01:36.6,a11,z6,0.381,30.697,0,1,23.85,3,sub11,11,6,b,3,left blocked,150580
sub11_3,01:37.0,a10,z6,0.434,30.697,0,1,23.85,3,sub11,10,6,b,3,left blocked,150961
sub11_3,01:37.4,a9,z6,2.803,30.697,0,1,23.85,3,sub11,9,6,b,3,left blocked,151395
sub11_3,01:37.9,a9,z6,2.803,30.697,1,1,23.85,3,sub11,9,6,b,3,left blocked,151895
sub11_3,01:39.6,a9,z6,2.803,30.697,1,1,23.85,3,sub11,9,6,b,3,left blocked,153630
sub11_3,01:40.2,a8,z6,2.436,30.697,0,1,23.85,3,sub11,8,6,b,3,left blocked,154197
sub11_3,01:41.4,a8,z6,2.436,30.697,1,1,23.85,3,sub11,8,6,b,3,left blocked,155432
sub11_3,01:42.6,a7,z6,1.835,30.697,0,1,23.85,3,sub11,7,6,b,3,left blocked,156633
sub11_3,01:43.2,a7,z6,1.835,30.697,1,1,23.85,3,sub11,7,6,b,3,left blocked,157234
sub11_3,01:44.5,a6,z6,2.336,30.697,0,1,23.85,3,sub11,6,6,b,3,left blocked,158468
sub11_3,01:46.4,a6,z6,2.336,30.697,1,1,23.85,3,sub11,6,6,b,3,left blocked,160370
sub11_3,01:46.8,a5,z6,1.535,30.697,0,1,23.85,3,sub11,5,6,b,3,left blocked,160804
sub11_3,01:48.3,a5,z6,1.535,30.697,1,1,23.85,3,sub11,5,6,b,3,left blocked,162305
sub11_3,01:58.5,a9,z7,2.749,31.798,0,0,0,3,sub11,9,7,b,3,left blocked,172502
sub11_3,02:00.1,a9,z7,2.749,31.798,1,0,0,3,sub11,9,7,b,3,left blocked,174083
sub11_3,02:01.3,a10,z7,2.149,31.798,0,0,0,3,sub11,10,7,b,3,left blocked,175251
sub11_3,02:01.9,a10,z7,2.149,31.798,1,0,0,3,sub11,10,7,b,3,left blocked,175919
sub11_3,02:03.4,a11,z7,1.854,31.798,0,0,0,3,sub11,11,7,b,3,left blocked,177400
sub11_3,02:04.0,a11,z7,1.854,31.798,1,0,0,3,sub11,11,7,b,3,left blocked,177954
sub11_3,02:05.3,a12,z7,0.413,31.798,0,0,0,3,sub11,12,7,b,3,left blocked,179254
sub11_3,02:05.3,a12,z7,0.413,31.798,1,0,0,3,sub11,12,7,b,3,left blocked,179289
sub11_3,02:05.7,a11,z7,0.556,31.798,0,0,0,3,sub11,11,7,b,3,left blocked,179667
sub11_3,02:06.2,a10,z7,0.167,31.798,0,0,0,3,sub11,10,7,b,3,left blocked,180223
sub11_3,02:06.4,a9,z7,0.367,31.798,0,0,0,3,sub11,9,7,b,3,left blocked,180390
sub11_3,02:06.8,a8,z7,0.234,31.798,0,0,0,3,sub11,8,7,b,3,left blocked,180757
sub11_3,02:07.0,a7,z7,0.234,31.798,0,0,0,3,sub11,7,7,b,3,left blocked,180990
sub11_3,02:07.2,a6,z7,0.267,31.798,0,0,0,3,sub11,6,7,b,3,left blocked,181224
sub11_3,02:07.5,a5,z7,0.3,31.798,0,0,0,3,sub11,5,7,b,3,left blocked,181491
sub11_3,02:07.8,a4,z7,0.634,31.798,0,0,0,3,sub11,4,7,b,3,left blocked,181791
sub11_3,02:08.4,a3,z7,0.334,31.798,0,0,0,3,sub11,3,7,b,3,left blocked,182425
sub11_3,02:08.7,a3,z7,0.334,31.798,1,0,0,3,sub11,3,7,b,3,left blocked,182658
sub11_3,02:08.8,a2,z7,0.634,31.798,0,0,0,3,sub11,2,7,b,3,left blocked,182759
sub11_3,02:09.4,a1,z7,0.634,31.798,0,0,0,3,sub11,1,7,b,3,left blocked,183393
sub11_3,02:10.0,a2,z7,2.803,31.798,0,0,0,3,sub11,2,7,b,3,left blocked,184026
sub11_3,02:10.8,a2,z7,2.803,31.798,1,0,0,3,sub11,2,7,b,3,left blocked,184794
sub11_3,02:12.8,a3,z7,5.906,31.798,0,0,0,3,sub11,3,7,b,3,left blocked,186829
sub11_3,02:13.8,a3,z7,5.906,31.798,1,0,0,3,sub11,3,7,b,3,left blocked,187764
sub11_3,02:14.7,a3,z7,5.906,31.798,1,0,0,3,sub11,3,7,b,3,left blocked,188731
sub11_3,02:14.8,a3,z7,5.906,31.798,0,1,0,3,sub11,3,7,b,3,left blocked,188764
sub11_3,02:16.5,a3,z7,5.906,31.798,1,0,0,3,sub11,3,7,b,3,left blocked,190533
sub11_3,02:18.6,a3,z7,5.906,31.798,1,0,0,3,sub11,3,7,b,3,left blocked,192602
sub11_3,02:18.7,a4,z7,2.803,31.798,0,0,0,3,sub11,4,7,b,3,left blocked,192735
sub11_3,02:20.7,a4,z7,2.803,31.798,1,0,0,3,sub11,4,7,b,3,left blocked,194737
sub11_3,02:21.5,a5,z7,3.57,31.798,0,0,0,3,sub11,5,7,b,3,left blocked,195538
sub11_3,02:22.6,a5,z7,3.57,31.798,1,0,0,3,sub11,5,7,b,3,left blocked,196606
sub11_3,02:24.3,a5,z7,3.57,31.798,1,0,0,3,sub11,5,7,b,3,left blocked,198341
sub11_3,02:25.1,a6,z7,2.736,31.798,0,0,0,3,sub11,6,7,b,3,left blocked,199108
sub11_3,02:27.8,a7,z7,1.501,31.798,0,0,0,3,sub11,7,7,b,3,left blocked,201844
sub11_3,02:28.7,a7,z7,1.501,31.798,1,0,0,3,sub11,7,7,b,3,left blocked,202678
sub11_3,02:29.3,a8,z7,0.934,31.798,0,0,0,3,sub11,8,7,b,3,left blocked,203345
sub11_3,02:30.1,a8,z7,0.934,31.798,1,0,0,3,sub11,8,7,b,3,left blocked,204146
sub11_3,02:44.1,a3,z8,0.701,57.356,0,0,0,3,sub11,3,8,b,3,left blocked,218127
sub11_3,02:44.8,a2,z8,0.467,57.356,0,0,0,3,sub11,2,8,b,3,left blocked,218827
sub11_3,02:45.3,a1,z8,2.002,57.356,0,0,0,3,sub11,1,8,b,3,left blocked,219294
sub11_3,02:45.6,a1,z8,2.002,57.356,1,0,0,3,sub11,1,8,b,3,left blocked,219561
sub11_3,02:45.9,a1,z8,2.002,57.356,1,0,0,3,sub11,1,8,b,3,left blocked,219928
sub11_3,02:47.0,a1,z8,2.002,57.356,1,0,0,3,sub11,1,8,b,3,left blocked,220996
sub11_3,02:47.3,a2,z8,5.772,57.356,0,0,0,3,sub11,2,8,b,3,left blocked,221296
sub11_3,02:48.8,a2,z8,5.772,57.356,1,0,0,3,sub11,2,8,b,3,left blocked,222831
sub11_3,02:51.6,a2,z8,5.772,57.356,1,0,0,3,sub11,2,8,b,3,left blocked,225601
sub11_3,02:53.1,a3,z8,4.071,57.356,0,0,0,3,sub11,3,8,b,3,left blocked,227069
sub11_3,02:54.1,a3,z8,4.071,57.356,1,0,0,3,sub11,3,8,b,3,left blocked,228136
sub11_3,02:57.1,a4,z8,17.05,57.356,0,0,0,3,sub11,4,8,b,3,left blocked,231139
sub11_3,02:58.9,a4,z8,17.05,57.356,1,0,0,3,sub11,4,8,b,3,left blocked,232874
sub11_3,03:03.2,a4,z8,17.05,57.356,1,0,0,3,sub11,4,8,b,3,left blocked,237245
sub11_3,03:06.5,a4,z8,17.05,57.356,1,0,0,3,sub11,4,8,b,3,left blocked,240548
sub11_3,03:12.8,a4,z8,17.05,57.356,1,0,0,3,sub11,4,8,b,3,left blocked,246821
sub11_3,03:14.2,a5,z8,1.768,57.356,0,0,0,3,sub11,5,8,b,3,left blocked,248189
sub11_3,03:14.7,a5,z8,1.768,57.356,1,0,0,3,sub11,5,8,b,3,left blocked,248723
sub11_3,03:16.0,a6,z8,3.203,57.356,0,0,0,3,sub11,6,8,b,3,left blocked,249958
sub11_3,03:18.0,a6,z8,3.203,57.356,1,0,0,3,sub11,6,8,b,3,left blocked,251993
sub11_3,03:19.2,a7,z8,1.935,57.356,0,0,0,3,sub11,7,8,b,3,left blocked,253161
sub11_3,03:20.1,a7,z8,1.935,57.356,1,0,0,3,sub11,7,8,b,3,left blocked,254128
sub11_3,03:21.1,a8,z8,1.635,57.356,0,0,0,3,sub11,8,8,b,3,left blocked,255096
sub11_3,03:21.9,a8,z8,1.635,57.356,1,0,0,3,sub11,8,8,b,3,left blocked,255930
sub11_3,03:22.7,a9,z8,2.669,57.356,0,0,0,3,sub11,9,8,b,3,left blocked,256731
sub11_3,03:23.9,a9,z8,2.669,57.356,1,0,0,3,sub11,9,8,b,3,left blocked,257932
sub11_3,03:25.4,a8,z8,0.4,57.356,0,0,0,3,sub11,8,8,b,3,left blocked,259400
sub11_3,03:25.8,a7,z8,0.367,57.356,0,0,0,3,sub11,7,8,b,3,left blocked,259801
sub11_3,03:26.2,a6,z8,0.367,57.356,0,0,0,3,sub11,6,8,b,3,left blocked,260168
sub11_3,03:26.5,a5,z8,0.367,57.356,0,0,0,3,sub11,5,8,b,3,left blocked,260535
sub11_3,03:26.9,a4,z8,3.003,57.356,0,0,0,3,sub11,4,8,b,3,left blocked,260902
sub11_3,03:28.1,a4,z8,3.003,57.356,1,0,0,3,sub11,4,8,b,3,left blocked,262103
sub11_3,03:29.9,a3,z8,6.707,57.356,0,0,0,3,sub11,3,8,b,3,left blocked,263905
sub11_3,03:31.9,a3,z8,6.707,57.356,1,0,0,3,sub11,3,8,b,3,left blocked,265873
sub11_3,03:33.9,a3,z8,6.707,57.356,1,0,0,3,sub11,3,8,b,3,left blocked,267909
sub11_3,03:35.7,a3,z8,6.707,57.356,1,0,0,3,sub11,3,8,b,3,left blocked,269710
sub11_3,03:36.6,a2,z8,2.202,57.356,0,0,0,3,sub11,2,8,b,3,left blocked,270611
sub11_3,03:37.9,a2,z8,2.202,57.356,1,0,0,3,sub11,2,8,b,3,left blocked,271879
sub11_3,03:38.8,a3,z8,2.603,57.356,0,0,0,3,sub11,3,8,b,3,left blocked,272813
sub11_3,03:39.4,a3,z8,2.603,57.356,1,0,0,3,sub11,3,8,b,3,left blocked,273381
sub12_3,00:33.0,a8,z1,2.416,32.398,0,0,0,3,sub12,8,1,a,6,left blocked,94192
sub12_3,00:33.7,a8,z1,2.416,32.398,1,0,0,3,sub12,8,1,a,6,left blocked,94872
sub12_3,00:34.7,a8,z1,2.416,32.398,0,1,30.622,3,sub12,8,1,a,6,left blocked,95940
sub12_3,00:35.4,a7,z1,0.834,32.398,0,1,30.622,3,sub12,7,1,a,6,left blocked,96608
sub12_3,00:36.2,a6,z1,0.4,32.398,0,1,30.622,3,sub12,6,1,a,6,left blocked,97442
sub12_3,00:36.6,a5,z1,0.834,32.398,0,1,30.622,3,sub12,5,1,a,6,left blocked,97842
sub12_3,00:37.3,a5,z1,0.834,32.398,1,1,30.622,3,sub12,5,1,a,6,left blocked,98509
sub12_3,00:37.5,a4,z1,0.801,32.398,0,1,30.622,3,sub12,4,1,a,6,left blocked,98676
sub12_3,00:38.3,a3,z1,0.901,32.398,0,1,30.622,3,sub12,3,1,a,6,left blocked,99477
sub12_3,00:39.2,a2,z1,1.301,32.398,0,1,30.622,3,sub12,2,1,a,6,left blocked,100378
sub12_3,00:40.5,a1,z1,2.536,32.398,0,1,30.622,3,sub12,1,1,a,6,left blocked,101679
sub12_3,00:40.8,a1,z1,2.536,32.398,1,1,30.622,3,sub12,1,1,a,6,left blocked,101979
sub12_3,00:43.0,a2,z1,0.934,32.398,0,1,30.622,3,sub12,2,1,a,6,left blocked,104215
sub12_3,00:43.9,a3,z1,1.001,32.398,0,1,30.622,3,sub12,3,1,a,6,left blocked,105149
sub12_3,00:45.0,a4,z1,3.971,32.398,0,1,30.622,3,sub12,4,1,a,6,left blocked,106150
sub12_3,00:45.2,a4,z1,3.971,32.398,1,1,30.622,3,sub12,4,1,a,6,left blocked,106417
sub12_3,00:48.9,a5,z1,0.801,32.398,0,1,30.622,3,sub12,5,1,a,6,left blocked,110121
sub12_3,00:49.7,a6,z1,1.435,32.398,0,1,30.622,3,sub12,6,1,a,6,left blocked,110922
sub12_3,00:49.8,a6,z1,1.435,32.398,1,1,30.622,3,sub12,6,1,a,6,left blocked,110955
sub12_3,00:51.2,a7,z1,4.871,32.398,0,1,30.622,3,sub12,7,1,a,6,left blocked,112356
sub12_3,00:54.4,a7,z1,4.871,32.398,1,1,30.622,3,sub12,7,1,a,6,left blocked,115626
sub12_3,00:56.0,a8,z1,0.868,32.398,0,1,30.622,3,sub12,8,1,a,6,left blocked,117228
sub12_3,00:56.9,a9,z1,0.901,32.398,0,1,30.622,3,sub12,9,1,a,6,left blocked,118095
sub12_3,00:57.8,a10,z1,0.819,32.398,0,1,30.622,3,sub12,10,1,a,6,left blocked,118996
sub12_3,00:58.1,a10,z1,0.819,32.398,1,1,30.622,3,sub12,10,1,a,6,left blocked,119330
sub12_3,00:58.6,a11,z1,1.485,32.398,0,1,30.622,3,sub12,11,1,a,6,left blocked,119815
sub12_3,01:00.1,a12,z1,1.246,32.398,0,1,30.622,3,sub12,12,1,a,6,left blocked,121300
sub12_3,01:01.3,a11,z1,0.888,32.398,0,1,30.622,3,sub12,11,1,a,6,left blocked,122546
sub12_3,01:01.7,a11,z1,0.888,32.398,1,1,30.622,3,sub12,11,1,a,6,left blocked,122900
sub12_3,01:02.2,a10,z1,0.567,32.398,0,1,30.622,3,sub12,10,1,a,6,left blocked,123434
sub12_3,01:02.8,a9,z1,0.701,32.398,0,1,30.622,3,sub12,9,1,a,6,left blocked,124001
sub12_3,01:03.5,a8,z1,0.901,32.398,0,1,30.622,3,sub12,8,1,a,6,left blocked,124702
sub12_3,01:04.4,a7,z1,0.968,32.398,0,1,30.622,3,sub12,7,1,a,6,left blocked,125603
sub12_3,01:17.0,a6,z2,2.022,32.265,0,0,0,3,sub12,6,2,a,6,left blocked,138162
sub12_3,01:17.4,a6,z2,2.022,32.265,1,0,0,3,sub12,6,2,a,6,left blocked,138649
sub12_3,01:17.4,a6,z2,2.022,32.265,0,1,31.743,3,sub12,6,2,a,6,left blocked,138649
sub12_3,01:19.0,a5,z2,0.901,32.265,0,1,31.743,3,sub12,5,2,a,6,left blocked,140184
sub12_3,01:19.9,a4,z2,0.4,32.265,0,1,31.743,3,sub12,4,2,a,6,left blocked,141084
sub12_3,01:20.3,a3,z2,0.5,32.265,0,1,31.743,3,sub12,3,2,a,6,left blocked,141485
sub12_3,01:20.8,a2,z2,4.037,32.265,0,1,31.743,3,sub12,2,2,a,6,left blocked,141985
sub12_3,01:22.5,a2,z2,4.037,32.265,1,1,31.743,3,sub12,2,2,a,6,left blocked,143687
sub12_3,01:24.8,a3,z2,0.868,32.265,0,1,31.743,3,sub12,3,2,a,6,left blocked,146023
sub12_3,01:25.7,a2,z2,1.368,32.265,0,1,31.743,3,sub12,2,2,a,6,left blocked,146890
sub12_3,01:26.5,a2,z2,1.368,32.265,1,1,31.743,3,sub12,2,2,a,6,left blocked,147724
sub12_3,01:27.1,a1,z2,0.767,32.265,0,1,31.743,3,sub12,1,2,a,6,left blocked,148258
sub12_3,01:27.8,a2,z2,0.734,32.265,0,1,31.743,3,sub12,2,2,a,6,left blocked,149026
sub12_3,01:28.6,a3,z2,0.834,32.265,0,1,31.743,3,sub12,3,2,a,6,left blocked,149760
sub12_3,01:29.4,a4,z2,0.734,32.265,0,1,31.743,3,sub12,4,2,a,6,left blocked,150594
sub12_3,01:30.1,a5,z2,1.101,32.265,0,1,31.743,3,sub12,5,2,a,6,left blocked,151328
sub12_3,01:30.5,a5,z2,1.101,32.265,1,1,31.743,3,sub12,5,2,a,6,left blocked,151695
sub12_3,01:31.2,a6,z2,0.968,32.265,0,1,31.743,3,sub12,6,2,a,6,left blocked,152429
sub12_3,01:32.2,a7,z2,1.635,32.265,0,1,31.743,3,sub12,7,2,a,6,left blocked,153396
sub12_3,01:32.9,a7,z2,1.635,32.265,1,1,31.743,3,sub12,7,2,a,6,left blocked,154064
sub12_3,01:33.8,a8,z2,1.468,32.265,0,1,31.743,3,sub12,8,2,a,6,left blocked,155031
sub12_3,01:35.3,a9,z2,0.767,32.265,0,1,31.743,3,sub12,9,2,a,6,left blocked,156500
sub12_3,01:36.1,a10,z2,1.794,32.265,0,1,31.743,3,sub12,10,2,a,6,left blocked,157267
sub12_3,01:37.4,a10,z2,1.794,32.265,1,1,31.743,3,sub12,10,2,a,6,left blocked,158602
sub12_3,01:37.9,a11,z2,1.642,32.265,0,1,31.743,3,sub12,11,2,a,6,left blocked,159061
sub12_3,01:39.5,a10,z2,1.068,32.265,0,1,31.743,3,sub12,10,2,a,6,left blocked,160704
sub12_3,01:40.6,a9,z2,1.001,32.265,0,1,31.743,3,sub12,9,2,a,6,left blocked,161771
sub12_3,01:41.6,a8,z2,0.801,32.265,0,1,31.743,3,sub12,8,2,a,6,left blocked,162772
sub12_3,01:42.4,a7,z2,0.868,32.265,0,1,31.743,3,sub12,7,2,a,6,left blocked,163573
sub12_3,01:43.0,a7,z2,0.868,32.265,1,1,31.743,3,sub12,7,2,a,6,left blocked,164207
sub12_3,01:43.2,a6,z2,1.435,32.265,0,1,31.743,3,sub12,6,2,a,6,left blocked,164441
sub12_3,01:44.7,a5,z2,1.134,32.265,0,1,31.743,3,sub12,5,2,a,6,left blocked,165875
sub12_3,01:45.8,a4,z2,1.201,32.265,0,1,31.743,3,sub12,4,2,a,6,left blocked,167010
sub12_3,01:47.0,a3,z2,2.202,32.265,0,1,31.743,3,sub12,3,2,a,6,left blocked,168211
sub12_3,01:47.5,a3,z2,2.202,32.265,1,1,31.743,3,sub12,3,2,a,6,left blocked,168678
sub12_3,01:58.2,a3,z3,1.949,32.198,0,0,0,3,sub12,3,3,a,6,left blocked,179442
sub12_3,01:59.3,a3,z3,1.949,32.198,1,0,0,3,sub12,3,3,a,6,left blocked,180523
sub12_3,02:00.2,a2,z3,3.837,32.198,0,0,0,3,sub12,2,3,a,6,left blocked,181391
sub12_3,02:00.2,a2,z3,3.837,32.198,0,1,30.211,3,sub12,2,3,a,6,left blocked,181391
sub12_3,02:04.0,a1,z3,1.501,32.198,0,1,30.211,3,sub12,1,3,a,6,left blocked,185228
sub12_3,02:04.7,a1,z3,1.501,32.198,1,1,30.211,3,sub12,1,3,a,6,left blocked,185862
sub12_3,02:05.5,a2,z3,0.934,32.198,0,1,30.211,3,sub12,2,3,a,6,left blocked,186729
sub12_3,02:06.5,a3,z3,1.268,32.198,0,1,30.211,3,sub12,3,3,a,6,left blocked,187663
sub12_3,02:07.7,a4,z3,3.27,32.198,0,1,30.211,3,sub12,4,3,a,6,left blocked,188931
sub12_3,02:07.8,a4,z3,3.27,32.198,1,1,30.211,3,sub12,4,3,a,6,left blocked,189031
sub12_3,02:11.0,a5,z3,0.834,32.198,0,1,30.211,3,sub12,5,3,a,6,left blocked,192201
sub12_3,02:11.3,a5,z3,0.834,32.198,1,1,30.211,3,sub12,5,3,a,6,left blocked,192535
sub12_3,02:11.8,a6,z3,0.868,32.198,0,1,30.211,3,sub12,6,3,a,6,left blocked,193035
sub12_3,02:12.7,a7,z3,0.801,32.198,0,1,30.211,3,sub12,7,3,a,6,left blocked,193903
sub12_3,02:13.5,a8,z3,2.336,32.198,0,1,30.211,3,sub12,8,3,a,6,left blocked,194704
sub12_3,02:15.3,a8,z3,2.336,32.198,1,1,30.211,3,sub12,8,3,a,6,left blocked,196539
sub12_3,02:15.8,a9,z3,1.935,32.198,0,1,30.211,3,sub12,9,3,a,6,left blocked,197039
sub12_3,02:17.8,a10,z3,0.88,32.198,0,1,30.211,3,sub12,10,3,a,6,left blocked,198974
sub12_3,02:18.5,a10,z3,0.88,32.198,1,1,30.211,3,sub12,10,3,a,6,left blocked,199708
sub12_3,02:18.7,a11,z3,1.181,32.198,0,1,30.211,3,sub12,11,3,a,6,left blocked,199854
sub12_3,02:19.8,a12,z3,0.837,32.198,0,1,30.211,3,sub12,12,3,a,6,left blocked,201035
sub12_3,02:20.7,a11,z3,0.706,32.198,0,1,30.211,3,sub12,11,3,a,6,left blocked,201872
sub12_3,02:21.4,a10,z3,0.334,32.198,0,1,30.211,3,sub12,10,3,a,6,left blocked,202578
sub12_3,02:21.7,a9,z3,1.168,32.198,0,1,30.211,3,sub12,9,3,a,6,left blocked,202912
sub12_3,02:22.9,a8,z3,0.801,32.198,0,1,30.211,3,sub12,8,3,a,6,left blocked,204079
sub12_3,02:23.1,a8,z3,0.801,32.198,1,1,30.211,3,sub12,8,3,a,6,left blocked,204346
sub12_3,02:23.7,a7,z3,3.637,32.198,0,1,30.211,3,sub12,7,3,a,6,left blocked,204880
sub12_3,02:27.3,a6,z3,0.667,32.198,0,1,30.211,3,sub12,6,3,a,6,left blocked,208517
sub12_3,02:28.0,a5,z3,2.436,32.198,0,1,30.211,3,sub12,5,3,a,6,left blocked,209184
sub12_3,02:28.1,a5,z3,2.436,32.198,1,1,30.211,3,sub12,5,3,a,6,left blocked,209318
sub12_3,02:39.8,a4,z4,1.049,30.263,0,0,0,3,sub12,4,4,a,6,left blocked,220982
sub12_3,02:40.5,a4,z4,1.049,30.263,0,1,29.539,3,sub12,4,4,a,6,left blocked,221663
sub12_3,02:40.8,a3,z4,0.801,30.263,0,1,29.539,3,sub12,3,4,a,6,left blocked,222030
sub12_3,02:41.6,a2,z4,1.301,30.263,0,1,29.539,3,sub12,2,4,a,6,left blocked,222831
sub12_3,02:42.9,a1,z4,2.903,30.263,0,1,29.539,3,sub12,1,4,a,6,left blocked,224132
sub12_3,02:44.6,a1,z4,2.903,30.263,1,1,29.539,3,sub12,1,4,a,6,left blocked,225834
sub12_3,02:45.8,a2,z4,0.868,30.263,0,1,29.539,3,sub12,2,4,a,6,left blocked,227035
sub12_3,02:46.7,a3,z4,1.134,30.263,0,1,29.539,3,sub12,3,4,a,6,left blocked,227903
sub12_3,02:47.2,a3,z4,1.134,30.263,1,1,29.539,3,sub12,3,4,a,6,left blocked,228403
sub12_3,02:47.8,a4,z4,0.934,30.263,0,1,29.539,3,sub12,4,4,a,6,left blocked,229037
sub12_3,02:48.8,a5,z4,0.901,30.263,0,1,29.539,3,sub12,5,4,a,6,left blocked,229971
sub12_3,02:49.7,a6,z4,2.869,30.263,0,1,29.539,3,sub12,6,4,a,6,left blocked,230872
sub12_3,02:50.6,a6,z4,2.869,30.263,1,1,29.539,3,sub12,6,4,a,6,left blocked,231840
sub12_3,02:52.5,a7,z4,0.934,30.263,0,1,29.539,3,sub12,7,4,a,6,left blocked,233742
sub12_3,02:53.5,a8,z4,3.37,30.263,0,1,29.539,3,sub12,8,4,a,6,left blocked,234676
sub12_3,02:53.7,a8,z4,3.37,30.263,1,1,29.539,3,sub12,8,4,a,6,left blocked,234943
sub12_3,02:56.8,a9,z4,1.702,30.263,0,1,29.539,3,sub12,9,4,a,6,left blocked,238046
sub12_3,02:58.3,a9,z4,1.702,30.263,1,1,29.539,3,sub12,9,4,a,6,left blocked,239514
sub12_3,02:58.5,a10,z4,2.82,30.263,0,1,29.539,3,sub12,10,4,a,6,left blocked,239748
sub12_3,03:01.4,a11,z4,1.822,30.263,0,1,29.539,3,sub12,11,4,a,6,left blocked,242568
sub12_3,03:02.9,a11,z4,1.822,30.263,1,1,29.539,3,sub12,11,4,a,6,left blocked,244085
sub12_3,03:03.2,a12,z4,1.689,30.263,0,1,29.539,3,sub12,12,4,a,6,left blocked,244390
sub12_3,03:04.9,a11,z4,1.177,30.263,0,1,29.539,3,sub12,11,4,a,6,left blocked,246078
sub12_3,03:06.1,a10,z4,0.667,30.263,0,1,29.539,3,sub12,10,4,a,6,left blocked,247255
sub12_3,03:06.3,a10,z4,0.667,30.263,1,1,29.539,3,sub12,10,4,a,6,left blocked,247489
sub12_3,03:06.7,a9,z4,1.201,30.263,0,1,29.539,3,sub12,9,4,a,6,left blocked,247922
sub12_3,03:07.9,a8,z4,1.668,30.263,0,1,29.539,3,sub12,8,4,a,6,left blocked,249124
sub12_3,03:09.6,a7,z4,0.434,30.263,0,1,29.539,3,sub12,7,4,a,6,left blocked,250792
sub12_3,03:19.0,a7,z5,1.354,30.763,0,0,0,3,sub12,7,5,a,6,left blocked,260182
sub12_3,03:20.3,a7,z5,1.354,30.763,1,0,0,3,sub12,7,5,a,6,left blocked,261469
sub12_3,03:20.3,a6,z5,0.534,30.763,0,0,0,3,sub12,6,5,a,6,left blocked,261536
sub12_3,03:20.3,a6,z5,0.534,30.763,0,1,29.376,3,sub12,6,5,a,6,left blocked,261536
,,,,,,,,,,,,,,,,
,,,,,,,,,,,,,,,,
,,,,,,,,,,,,,,,,
,,,,,,,,,,,,,,,,
,,,,,,,,,,,,,,,,
,,,,,,,,,,,,,,,,
,,,,,,,,,,,,,,,,
,,,,,,,,,,,,,,,,
,,,,,,,,,,,,,,,,
,,,,,,,,,,,,,,,,
,,,,,,,,,,,,,,,,
,,,,,,,,,,,,,,,,
,,,,,,,,,,,,,,,,
,,,,,,,,,,,,,,,,
,,,,,,,,,,,,,,,,
,,,,,,,,,,,,,,,,
,,,,,,,,,,,,,,,,
,,,,,,,,,,,,,,,,
,,,,,,,,,,,,,,,,
,,,,,,,,,,,,,,,,
,,,,,,,,,,,,,,,,
,,,,,,,,,,,,,,,,
,,,,,,,,,,,,,,,,
,,,,,,,,,,,,,,,,
,,,,,,,,,,,,,,,,
,,,,,,,,,,,,,,,,
,,,,,,,,,,,,,,,,
,,,,,,,,,,,,,,,,
,,,,,,,,,,,,,,,,
,,,,,,,,,,,,,,,,
,,,,,,,,,,,,,,,,
,,,,,,,,,,,,,,,,
,,,,,,,,,,,,,,,,
,,,,,,,,,,,,,,,,
,,,,,,,,,,,,,,,,
,,,,,,,,,,,,,,,,
,,,,,,,,,,,,,,,,
,,,,,,,,,,,,,,,,
,,,,,,,,,,,,,,,,
,,,,,,,,,,,,,,,,
,,,,,,,,,,,,,,,,
,,,,,,,,,,,,,,,,
,,,,,,,,,,,,,,,,
,,,,,,,,,,,,,,,,
,,,,,,,,,,,,,,,,
,,,,,,,,,,,,,,,,
,,,,,,,,,,,,,,,,
,,,,,,,,,,,,,,,,
,,,,,,,,,,,,,,,,
,,,,,,,,,,,,,,,,
,,,,,,,,,,,,,,,,
,,,,,,,,,,,,,,,,
,,,,,,,,,,,,,,,,
,,,,,,,,,,,,,,,,
,,,,,,,,,,,,,,,,
,,,,,,,,,,,,,,,,
,,,,,,,,,,,,,,,,
,,,,,,,,,,,,,,,,
,,,,,,,,,,,,,,,,
,,,,,,,,,,,,,,,,
,,,,,,,,,,,,,,,,
,,,,,,,,,,,,,,,,
,,,,,,,,,,,,,,,,
,,,,,,,,,,,,,,,,
,,,,,,,,,,,,,,,,
,,,,,,,,,,,,,,,,
,,,,,,,,,,,,,,,,
,,,,,,,,,,,,,,,,
,,,,,,,,,,,,,,,,
,,,,,,,,,,,,,,,,
,,,,,,,,,,,,,,,,
,,,,,,,,,,,,,,,,
,,,,,,,,,,,,,,,,
,,,,,,,,,,,,,,,,
,,,,,,,,,,,,,,,,
,,,,,,,,,,,,,,,,
,,,,,,,,,,,,,,,,
,,,,,,,,,,,,,,,,
,,,,,,,,,,,,,,,,
,,,,,,,,,,,,,,,,
,,,,,,,,,,,,,,,,
,,,,,,,,,,,,,,,,
,,,,,,,,,,,,,,,,
,,,,,,,,,,,,,,,,
,,,,,,,,,,,,,,,,
,,,,,,,,,,,,,,,,
,,,,,,,,,,,,,,,,
,,,,,,,,,,,,,,,,
,,,,,,,,,,,,,,,,
,,,,,,,,,,,,,,,,
,,,,,,,,,,,,,,,,
,,,,,,,,,,,,,,,,
,,,,,,,,,,,,,,,,
,,,,,,,,,,,,,,,,
,,,,,,,,,,,,,,,,
,,,,,,,,,,,,,,,,
,,,,,,,,,,,,,,,,
,,,,,,,,,,,,,,,,
,,,,,,,,,,,,,,,,
,,,,,,,,,,,,,,,,
,,,,,,,,,,,,,,,,
,,,,,,,,,,,,,,,,
,,,,,,,,,,,,,,,,
,,,,,,,,,,,,,,,,
,,,,,,,,,,,,,,,,
,,,,,,,,,,,,,,,,
,,,,,,,,,,,,,,,,
,,,,,,,,,,,,,,,,
,,,,,,,,,,,,,,,,
,,,,,,,,,,,,,,,,
,,,,,,,,,,,,,,,,
,,,,,,,,,,,,,,,,
,,,,,,,,,,,,,,,,
,,,,,,,,,,,,,,,,
,,,,,,,,,,,,,,,,
,,,,,,,,,,,,,,,,
,,,,,,,,,,,,,,,,
,,,,,,,,,,,,,,,,
,,,,,,,,,,,,,,,,
,,,,,,,,,,,,,,,,
,,,,,,,,,,,,,,,,
,,,,,,,,,,,,,,,,
,,,,,,,,,,,,,,,,
,,,,,,,,,,,,,,,,
,,,,,,,,,,,,,,,,
,,,,,,,,,,,,,,,,
,,,,,,,,,,,,,,,,
,,,,,,,,,,,,,,,,
,,,,,,,,,,,,,,,,
,,,,,,,,,,,,,,,,
,,,,,,,,,,,,,,,,
,,,,,,,,,,,,,,,,
,,,,,,,,,,,,,,,,
,,,,,,,,,,,,,,,,
,,,,,,,,,,,,,,,,
,,,,,,,,,,,,,,,,
,,,,,,,,,,,,,,,,
,,,,,,,,,,,,,,,,
,,,,,,,,,,,,,,,,
,,,,,,,,,,,,,,,,
,,,,,,,,,,,,,,,,
,,,,,,,,,,,,,,,,
,,,,,,,,,,,,,,,,
,,,,,,,,,,,,,,,,
,,,,,,,,,,,,,,,,
,,,,,,,,,,,,,,,,
,,,,,,,,,,,,,,,,
,,,,,,,,,,,,,,,,
,,,,,,,,,,,,,,,,
,,,,,,,,,,,,,,,,
,,,,,,,,,,,,,,,,
,,,,,,,,,,,,,,,,
,,,,,,,,,,,,,,,,
,,,,,,,,,,,,,,,,
,,,,,,,,,,,,,,,,
,,,,,,,,,,,,,,,,
,,,,,,,,,,,,,,,,
,,,,,,,,,,,,,,,,
,,,,,,,,,,,,,,,,
,,,,,,,,,,,,,,,,
,,,,,,,,,,,,,,,,
,,,,,,,,,,,,,,,,
,,,,,,,,,,,,,,,,
,,,,,,,,,,,,,,,,
,,,,,,,,,,,,,,,,
,,,,,,,,,,,,,,,,
,,,,,,,,,,,,,,,,
,,,,,,,,,,,,,,,,
,,,,,,,,,,,,,,,,
,,,,,,,,,,,,,,,,
,,,,,,,,,,,,,,,,
,,,,,,,,,,,,,,,,
,,,,,,,,,,,,,,,,
,,,,,,,,,,,,,,,,
,,,,,,,,,,,,,,,,
,,,,,,,,,,,,,,,,
,,,,,,,,,,,,,,,,
,,,,,,,,,,,,,,,,
,,,,,,,,,,,,,,,,
,,,,,,,,,,,,,,,,
,,,,,,,,,,,,,,,,
,,,,,,,,,,,,,,,,
,,,,,,,,,,,,,,,,
,,,,,,,,,,,,,,,,
,,,,,,,,,,,,,,,,
,,,,,,,,,,,,,,,,
,,,,,,,,,,,,,,,,
,,,,,,,,,,,,,,,,
,,,,,,,,,,,,,,,,
,,,,,,,,,,,,,,,,
,,,,,,,,,,,,,,,,
,,,,,,,,,,,,,,,,
,,,,,,,,,,,,,,,,
,,,,,,,,,,,,,,,,
,,,,,,,,,,,,,,,,
,,,,,,,,,,,,,,,,
,,,,,,,,,,,,,,,,
,,,,,,,,,,,,,,,,
,,,,,,,,,,,,,,,,
,,,,,,,,,,,,,,,,
,,,,,,,,,,,,,,,,
,,,,,,,,,,,,,,,,
,,,,,,,,,,,,,,,,
,,,,,,,,,,,,,,,,
,,,,,,,,,,,,,,,,
,,,,,,,,,,,,,,,,
,,,,,,,,,,,,,,,,
,,,,,,,,,,,,,,,,
,,,,,,,,,,,,,,,,
,,,,,,,,,,,,,,,,
,,,,,,,,,,,,,,,,
,,,,,,,,,,,,,,,,
,,,,,,,,,,,,,,,,
,,,,,,,,,,,,,,,,
,,,,,,,,,,,,,,,,
,,,,,,,,,,,,,,,,
,,,,,,,,,,,,,,,,
,,,,,,,,,,,,,,,,
,,,,,,,,,,,,,,,,
,,,,,,,,,,,,,,,,
,,,,,,,,,,,,,,,,
,,,,,,,,,,,,,,,,
,,,,,,,,,,,,,,,,
,,,,,,,,,,,,,,,,
,,,,,,,,,,,,,,,,
,,,,,,,,,,,,,,,,
,,,,,,,,,,,,,,,,
,,,,,,,,,,,,,,,,
,,,,,,,,,,,,,,,,
,,,,,,,,,,,,,,,,
,,,,,,,,,,,,,,,,
,,,,,,,,,,,,,,,,
,,,,,,,,,,,,,,,,
,,,,,,,,,,,,,,,,
,,,,,,,,,,,,,,,,
,,,,,,,,,,,,,,,,
,,,,,,,,,,,,,,,,
,,,,,,,,,,,,,,,,
,,,,,,,,,,,,,,,,
,,,,,,,,,,,,,,,,
,,,,,,,,,,,,,,,,
,,,,,,,,,,,,,,,,
,,,,,,,,,,,,,,,,
,,,,,,,,,,,,,,,,
,,,,,,,,,,,,,,,,
,,,,,,,,,,,,,,,,
,,,,,,,,,,,,,,,,
,,,,,,,,,,,,,,,,
,,,,,,,,,,,,,,,,
,,,,,,,,,,,,,,,,
,,,,,,,,,,,,,,,,
,,,,,,,,,,,,,,,,
,,,,,,,,,,,,,,,,
,,,,,,,,,,,,,,,,
,,,,,,,,,,,,,,,,
,,,,,,,,,,,,,,,,
,,,,,,,,,,,,,,,,
,,,,,,,,,,,,,,,,
,,,,,,,,,,,,,,,,
,,,,,,,,,,,,,,,,
,,,,,,,,,,,,,,,,
,,,,,,,,,,,,,,,,
,,,,,,,,,,,,,,,,
,,,,,,,,,,,,,,,,
,,,,,,,,,,,,,,,,
,,,,,,,,,,,,,,,,
,,,,,,,,,,,,,,,,
,,,,,,,,,,,,,,,,
,,,,,,,,,,,,,,,,
,,,,,,,,,,,,,,,,
,,,,,,,,,,,,,,,,
,,,,,,,,,,,,,,,,
,,,,,,,,,,,,,,,,
,,,,,,,,,,,,,,,,
,,,,,,,,,,,,,,,,
,,,,,,,,,,,,,,,,
,,,,,,,,,,,,,,,,
,,,,,,,,,,,,,,,,
,,,,,,,,,,,,,,,,
,,,,,,,,,,,,,,,,
,,,,,,,,,,,,,,,,
,,,,,,,,,,,,,,,,
,,,,,,,,,,,,,,,,
,,,,,,,,,,,,,,,,
,,,,,,,,,,,,,,,,
,,,,,,,,,,,,,,,,
,,,,,,,,,,,,,,,,
,,,,,,,,,,,,,,,,
,,,,,,,,,,,,,,,,
,,,,,,,,,,,,,,,,
,,,,,,,,,,,,,,,,
,,,,,,,,,,,,,,,,
,,,,,,,,,,,,,,,,
,,,,,,,,,,,,,,,,
,,,,,,,,,,,,,,,,
,,,,,,,,,,,,,,,,
,,,,,,,,,,,,,,,,
,,,,,,,,,,,,,,,,
,,,,,,,,,,,,,,,,
,,,,,,,,,,,,,,,,
,,,,,,,,,,,,,,,,
,,,,,,,,,,,,,,,,
,,,,,,,,,,,,,,,,
,,,,,,,,,,,,,,,,
,,,,,,,,,,,,,,,,
,,,,,,,,,,,,,,,,
,,,,,,,,,,,,,,,,
,,,,,,,,,,,,,,,,
,,,,,,,,,,,,,,,,
,,,,,,,,,,,,,,,,
,,,,,,,,,,,,,,,,
,,,,,,,,,,,,,,,,
,,,,,,,,,,,,,,,,
,,,,,,,,,,,,,,,,
,,,,,,,,,,,,,,,,
,,,,,,,,,,,,,,,,
,,,,,,,,,,,,,,,,
,,,,,,,,,,,,,,,,
,,,,,,,,,,,,,,,,
,,,,,,,,,,,,,,,,
,,,,,,,,,,,,,,,,
,,,,,,,,,,,,,,,,
,,,,,,,,,,,,,,,,
,,,,,,,,,,,,,,,,
,,,,,,,,,,,,,,,,
,,,,,,,,,,,,,,,,
,,,,,,,,,,,,,,,,
,,,,,,,,,,,,,,,,
,,,,,,,,,,,,,,,,
,,,,,,,,,,,,,,,,
,,,,,,,,,,,,,,,,
,,,,,,,,,,,,,,,,
,,,,,,,,,,,,,,,,
,,,,,,,,,,,,,,,,
,,,,,,,,,,,,,,,,
,,,,,,,,,,,,,,,,
,,,,,,,,,,,,,,,,
,,,,,,,,,,,,,,,,
,,,,,,,,,,,,,,,,
,,,,,,,,,,,,,,,,
,,,,,,,,,,,,,,,,
,,,,,,,,,,,,,,,,
,,,,,,,,,,,,,,,,
,,,,,,,,,,,,,,,,
,,,,,,,,,,,,,,,,
,,,,,,,,,,,,,,,,
,,,,,,,,,,,,,,,,
,,,,,,,,,,,,,,,,
,,,,,,,,,,,,,,,,
,,,,,,,,,,,,,,,,
,,,,,,,,,,,,,,,,
,,,,,,,,,,,,,,,,
,,,,,,,,,,,,,,,,
,,,,,,,,,,,,,,,,
,,,,,,,,,,,,,,,,
,,,,,,,,,,,,,,,,
,,,,,,,,,,,,,,,,
,,,,,,,,,,,,,,,,
,,,,,,,,,,,,,,,,
,,,,,,,,,,,,,,,,
,,,,,,,,,,,,,,,,
,,,,,,,,,,,,,,,,
,,,,,,,,,,,,,,,,
,,,,,,,,,,,,,,,,
,,,,,,,,,,,,,,,,
,,,,,,,,,,,,,,,,
,,,,,,,,,,,,,,,,
,,,,,,,,,,,,,,,,
,,,,,,,,,,,,,,,,
,,,,,,,,,,,,,,,,
,,,,,,,,,,,,,,,,
,,,,,,,,,,,,,,,,
,,,,,,,,,,,,,,,,
,,,,,,,,,,,,,,,,
,,,,,,,,,,,,,,,,
,,,,,,,,,,,,,,,,
,,,,,,,,,,,,,,,,
,,,,,,,,,,,,,,,,
,,,,,,,,,,,,,,,,
,,,,,,,,,,,,,,,,
,,,,,,,,,,,,,,,,
,,,,,,,,,,,,,,,,
,,,,,,,,,,,,,,,,
,,,,,,,,,,,,,,,,
,,,,,,,,,,,,,,,,
,,,,,,,,,,,,,,,,
,,,,,,,,,,,,,,,,
,,,,,,,,,,,,,,,,
,,,,,,,,,,,,,,,,
,,,,,,,,,,,,,,,,
,,,,,,,,,,,,,,,,
,,,,,,,,,,,,,,,,
,,,,,,,,,,,,,,,,
,,,,,,,,,,,,,,,,
,,,,,,,,,,,,,,,,
,,,,,,,,,,,,,,,,
,,,,,,,,,,,,,,,,
,,,,,,,,,,,,,,,,
,,,,,,,,,,,,,,,,
,,,,,,,,,,,,,,,,
,,,,,,,,,,,,,,,,
,,,,,,,,,,,,,,,,
,,,,,,,,,,,,,,,,
,,,,,,,,,,,,,,,,
,,,,,,,,,,,,,,,,
,,,,,,,,,,,,,,,,
,,,,,,,,,,,,,,,,
,,,,,,,,,,,,,,,,
,,,,,,,,,,,,,,,,
,,,,,,,,,,,,,,,,
,,,,,,,,,,,,,,,,
,,,,,,,,,,,,,,,,
,,,,,,,,,,,,,,,,
,,,,,,,,,,,,,,,,
,,,,,,,,,,,,,,,,
,,,,,,,,,,,,,,,,
,,,,,,,,,,,,,,,,
,,,,,,,,,,,,,,,,
,,,,,,,,,,,,,,,,
,,,,,,,,,,,,,,,,
,,,,,,,,,,,,,,,,
,,,,,,,,,,,,,,,,
,,,,,,,,,,,,,,,,
,,,,,,,,,,,,,,,,
,,,,,,,,,,,,,,,,
,,,,,,,,,,,,,,,,
,,,,,,,,,,,,,,,,
,,,,,,,,,,,,,,,,
,,,,,,,,,,,,,,,,
,,,,,,,,,,,,,,,,
,,,,,,,,,,,,,,,,
,,,,,,,,,,,,,,,,
,,,,,,,,,,,,,,,,
,,,,,,,,,,,,,,,,
,,,,,,,,,,,,,,,,
,,,,,,,,,,,,,,,,
,,,,,,,,,,,,,,,,
,,,,,,,,,,,,,,,,
,,,,,,,,,,,,,,,,
,,,,,,,,,,,,,,,,
,,,,,,,,,,,,,,,,
,,,,,,,,,,,,,,,,
,,,,,,,,,,,,,,,,
,,,,,,,,,,,,,,,,
,,,,,,,,,,,,,,,,
,,,,,,,,,,,,,,,,
,,,,,,,,,,,,,,,,
,,,,,,,,,,,,,,,,
,,,,,,,,,,,,,,,,
,,,,,,,,,,,,,,,,
,,,,,,,,,,,,,,,,
,,,,,,,,,,,,,,,,
,,,,,,,,,,,,,,,,
,,,,,,,,,,,,,,,,
,,,,,,,,,,,,,,,,
,,,,,,,,,,,,,,,,
,,,,,,,,,,,,,,,,
,,,,,,,,,,,,,,,,
,,,,,,,,,,,,,,,,
,,,,,,,,,,,,,,,,
,,,,,,,,,,,,,,,,
,,,,,,,,,,,,,,,,
,,,,,,,,,,,,,,,,
,,,,,,,,,,,,,,,,
,,,,,,,,,,,,,,,,
,,,,,,,,,,,,,,,,
,,,,,,,,,,,,,,,,
,,,,,,,,,,,,,,,,
,,,,,,,,,,,,,,,,
,,,,,,,,,,,,,,,,
,,,,,,,,,,,,,,,,
,,,,,,,,,,,,,,,,
,,,,,,,,,,,,,,,,
,,,,,,,,,,,,,,,,
,,,,,,,,,,,,,,,,
,,,,,,,,,,,,,,,,
,,,,,,,,,,,,,,,,
,,,,,,,,,,,,,,,,
,,,,,,,,,,,,,,,,
,,,,,,,,,,,,,,,,
,,,,,,,,,,,,,,,,
,,,,,,,,,,,,,,,,
,,,,,,,,,,,,,,,,
,,,,,,,,,,,,,,,,
,,,,,,,,,,,,,,,,
,,,,,,,,,,,,,,,,
,,,,,,,,,,,,,,,,
,,,,,,,,,,,,,,,,
,,,,,,,,,,,,,,,,
,,,,,,,,,,,,,,,,
,,,,,,,,,,,,,,,,
,,,,,,,,,,,,,,,,
,,,,,,,,,,,,,,,,
,,,,,,,,,,,,,,,,
,,,,,,,,,,,,,,,,
,,,,,,,,,,,,,,,,
,,,,,,,,,,,,,,,,
,,,,,,,,,,,,,,,,
,,,,,,,,,,,,,,,,
,,,,,,,,,,,,,,,,
,,,,,,,,,,,,,,,,
,,,,,,,,,,,,,,,,
,,,,,,,,,,,,,,,,
,,,,,,,,,,,,,,,,
,,,,,,,,,,,,,,,,
,,,,,,,,,,,,,,,,
,,,,,,,,,,,,,,,,
,,,,,,,,,,,,,,,,
,,,,,,,,,,,,,,,,
,,,,,,,,,,,,,,,,
,,,,,,,,,,,,,,,,
,,,,,,,,,,,,,,,,
,,,,,,,,,,,,,,,,
,,,,,,,,,,,,,,,,
,,,,,,,,,,,,,,,,
,,,,,,,,,,,,,,,,
,,,,,,,,,,,,,,,,
,,,,,,,,,,,,,,,,
,,,,,,,,,,,,,,,,
,,,,,,,,,,,,,,,,
,,,,,,,,,,,,,,,,
,,,,,,,,,,,,,,,,
,,,,,,,,,,,,,,,,
,,,,,,,,,,,,,,,,
,,,,,,,,,,,,,,,,
,,,,,,,,,,,,,,,,
,,,,,,,,,,,,,,,,
,,,,,,,,,,,,,,,,
,,,,,,,,,,,,,,,,
,,,,,,,,,,,,,,,,
,,,,,,,,,,,,,,,,
,,,,,,,,,,,,,,,,
,,,,,,,,,,,,,,,,
,,,,,,,,,,,,,,,,
,,,,,,,,,,,,,,,,
,,,,,,,,,,,,,,,,
,,,,,,,,,,,,,,,,
,,,,,,,,,,,,,,,,
,,,,,,,,,,,,,,,,
,,,,,,,,,,,,,,,,
,,,,,,,,,,,,,,,,
,,,,,,,,,,,,,,,,
,,,,,,,,,,,,,,,,
,,,,,,,,,,,,,,,,
,,,,,,,,,,,,,,,,
,,,,,,,,,,,,,,,,
,,,,,,,,,,,,,,,,
,,,,,,,,,,,,,,,,
,,,,,,,,,,,,,,,,
,,,,,,,,,,,,,,,,
,,,,,,,,,,,,,,,,
,,,,,,,,,,,,,,,,
,,,,,,,,,,,,,,,,
,,,,,,,,,,,,,,,,
,,,,,,,,,,,,,,,,
,,,,,,,,,,,,,,,,
,,,,,,,,,,,,,,,,
,,,,,,,,,,,,,,,,
,,,,,,,,,,,,,,,,
,,,,,,,,,,,,,,,,
,,,,,,,,,,,,,,,,
,,,,,,,,,,,,,,,,
,,,,,,,,,,,,,,,,
,,,,,,,,,,,,,,,,
,,,,,,,,,,,,,,,,
,,,,,,,,,,,,,,,,
,,,,,,,,,,,,,,,,
,,,,,,,,,,,,,,,,
,,,,,,,,,,,,,,,,
,,,,,,,,,,,,,,,,
,,,,,,,,,,,,,,,,
,,,,,,,,,,,,,,,,
,,,,,,,,,,,,,,,,
,,,,,,,,,,,,,,,,
,,,,,,,,,,,,,,,,
,,,,,,,,,,,,,,,,
,,,,,,,,,,,,,,,,
,,,,,,,,,,,,,,,,
,,,,,,,,,,,,,,,,
,,,,,,,,,,,,,,,,
,,,,,,,,,,,,,,,,
,,,,,,,,,,,,,,,,
,,,,,,,,,,,,,,,,
,,,,,,,,,,,,,,,,
,,,,,,,,,,,,,,,,
,,,,,,,,,,,,,,,,
,,,,,,,,,,,,,,,,
,,,,,,,,,,,,,,,,
,,,,,,,,,,,,,,,,
,,,,,,,,,,,,,,,,
,,,,,,,,,,,,,,,,
,,,,,,,,,,,,,,,,
,,,,,,,,,,,,,,,,
,,,,,,,,,,,,,,,,
,,,,,,,,,,,,,,,,
,,,,,,,,,,,,,,,,
,,,,,,,,,,,,,,,,
,,,,,,,,,,,,,,,,
,,,,,,,,,,,,,,,,
,,,,,,,,,,,,,,,,
,,,,,,,,,,,,,,,,
,,,,,,,,,,,,,,,,
,,,,,,,,,,,,,,,,
,,,,,,,,,,,,,,,,
,,,,,,,,,,,,,,,,
,,,,,,,,,,,,,,,,
,,,,,,,,,,,,,,,,
,,,,,,,,,,,,,,,,
,,,,,,,,,,,,,,,,
,,,,,,,,,,,,,,,,
,,,,,,,,,,,,,,,,
,,,,,,,,,,,,,,,,
,,,,,,,,,,,,,,,,
,,,,,,,,,,,,,,,,
,,,,,,,,,,,,,,,,
,,,,,,,,,,,,,,,,
,,,,,,,,,,,,,,,,
,,,,,,,,,,,,,,,,
,,,,,,,,,,,,,,,,
,,,,,,,,,,,,,,,,
,,,,,,,,,,,,,,,,
,,,,,,,,,,,,,,,,
,,,,,,,,,,,,,,,,
,,,,,,,,,,,,,,,,
,,,,,,,,,,,,,,,,
,,,,,,,,,,,,,,,,
,,,,,,,,,,,,,,,,
,,,,,,,,,,,,,,,,
,,,,,,,,,,,,,,,,
,,,,,,,,,,,,,,,,
,,,,,,,,,,,,,,,,
,,,,,,,,,,,,,,,,
,,,,,,,,,,,,,,,,
,,,,,,,,,,,,,,,,
,,,,,,,,,,,,,,,,
,,,,,,,,,,,,,,,,
,,,,,,,,,,,,,,,,
,,,,,,,,,,,,,,,,
,,,,,,,,,,,,,,,,
,,,,,,,,,,,,,,,,
,,,,,,,,,,,,,,,,
,,,,,,,,,,,,,,,,
,,,,,,,,,,,,,,,,
,,,,,,,,,,,,,,,,
,,,,,,,,,,,,,,,,
,,,,,,,,,,,,,,,,
,,,,,,,,,,,,,,,,
,,,,,,,,,,,,,,,,
,,,,,,,,,,,,,,,,
,,,,,,,,,,,,,,,,
,,,,,,,,,,,,,,,,
,,,,,,,,,,,,,,,,
,,,,,,,,,,,,,,,,
,,,,,,,,,,,,,,,,
,,,,,,,,,,,,,,,,
,,,,,,,,,,,,,,,,
,,,,,,,,,,,,,,,,
,,,,,,,,,,,,,,,,
,,,,,,,,,,,,,,,,
,,,,,,,,,,,,,,,,
,,,,,,,,,,,,,,,,
,,,,,,,,,,,,,,,,
,,,,,,,,,,,,,,,,
,,,,,,,,,,,,,,,,
,,,,,,,,,,,,,,,,
,,,,,,,,,,,,,,,,
,,,,,,,,,,,,,,,,
,,,,,,,,,,,,,,,,
,,,,,,,,,,,,,,,,
,,,,,,,,,,,,,,,,
,,,,,,,,,,,,,,,,
,,,,,,,,,,,,,,,,
,,,,,,,,,,,,,,,,
,,,,,,,,,,,,,,,,
,,,,,,,,,,,,,,,,
,,,,,,,,,,,,,,,,
,,,,,,,,,,,,,,,,
,,,,,,,,,,,,,,,,
,,,,,,,,,,,,,,,,
,,,,,,,,,,,,,,,,
,,,,,,,,,,,,,,,,
,,,,,,,,,,,,,,,,
,,,,,,,,,,,,,,,,
,,,,,,,,,,,,,,,,
,,,,,,,,,,,,,,,,
,,,,,,,,,,,,,,,,
,,,,,,,,,,,,,,,,
,,,,,,,,,,,,,,,,
,,,,,,,,,,,,,,,,
,,,,,,,,,,,,,,,,
,,,,,,,,,,,,,,,,
,,,,,,,,,,,,,,,,
,,,,,,,,,,,,,,,,
,,,,,,,,,,,,,,,,
,,,,,,,,,,,,,,,,
,,,,,,,,,,,,,,,,
,,,,,,,,,,,,,,,,
,,,,,,,,,,,,,,,,
,,,,,,,,,,,,,,,,
,,,,,,,,,,,,,,,,
,,,,,,,,,,,,,,,,
,,,,,,,,,,,,,,,,
,,,,,,,,,,,,,,,,
,,,,,,,,,,,,,,,,
,,,,,,,,,,,,,,,,
,,,,,,,,,,,,,,,,
,,,,,,,,,,,,,,,,
,,,,,,,,,,,,,,,,
,,,,,,,,,,,,,,,,
,,,,,,,,,,,,,,,,
,,,,,,,,,,,,,,,,
,,,,,,,,,,,,,,,,
,,,,,,,,,,,,,,,,
,,,,,,,,,,,,,,,,
,,,,,,,,,,,,,,,,
,,,,,,,,,,,,,,,,
,,,,,,,,,,,,,,,,
,,,,,,,,,,,,,,,,
,,,,,,,,,,,,,,,,
,,,,,,,,,,,,,,,,
,,,,,,,,,,,,,,,,
,,,,,,,,,,,,,,,,
,,,,,,,,,,,,,,,,
,,,,,,,,,,,,,,,,
,,,,,,,,,,,,,,,,
,,,,,,,,,,,,,,,,
,,,,,,,,,,,,,,,,
,,,,,,,,,,,,,,,,
,,,,,,,,,,,,,,,,
,,,,,,,,,,,,,,,,
,,,,,,,,,,,,,,,,
,,,,,,,,,,,,,,,,
,,,,,,,,,,,,,,,,
,,,,,,,,,,,,,,,,
,,,,,,,,,,,,,,,,
,,,,,,,,,,,,,,,,
,,,,,,,,,,,,,,,,
,,,,,,,,,,,,,,,,
,,,,,,,,,,,,,,,,
,,,,,,,,,,,,,,,,
,,,,,,,,,,,,,,,,
,,,,,,,,,,,,,,,,
,,,,,,,,,,,,,,,,
,,,,,,,,,,,,,,,,
,,,,,,,,,,,,,,,,
,,,,,,,,,,,,,,,,
,,,,,,,,,,,,,,,,
,,,,,,,,,,,,,,,,
,,,,,,,,,,,,,,,,
,,,,,,,,,,,,,,,,
,,,,,,,,,,,,,,,,
,,,,,,,,,,,,,,,,
,,,,,,,,,,,,,,,,
,,,,,,,,,,,,,,,,
,,,,,,,,,,,,,,,,
,,,,,,,,,,,,,,,,
,,,,,,,,,,,,,,,,
,,,,,,,,,,,,,,,,
,,,,,,,,,,,,,,,,
,,,,,,,,,,,,,,,,
,,,,,,,,,,,,,,,,
,,,,,,,,,,,,,,,,
,,,,,,,,,,,,,,,,
,,,,,,,,,,,,,,,,
,,,,,,,,,,,,,,,,
,,,,,,,,,,,,,,,,
,,,,,,,,,,,,,,,,
,,,,,,,,,,,,,,,,
,,,,,,,,,,,,,,,,
,,,,,,,,,,,,,,,,
,,,,,,,,,,,,,,,,
,,,,,,,,,,,,,,,,
,,,,,,,,,,,,,,,,
,,,,,,,,,,,,,,,,
,,,,,,,,,,,,,,,,
,,,,,,,,,,,,,,,,
,,,,,,,,,,,,,,,,
,,,,,,,,,,,,,,,,
,,,,,,,,,,,,,,,,
,,,,,,,,,,,,,,,,
,,,,,,,,,,,,,,,,
,,,,,,,,,,,,,,,,
,,,,,,,,,,,,,,,,
,,,,,,,,,,,,,,,,
,,,,,,,,,,,,,,,,
,,,,,,,,,,,,,,,,
,,,,,,,,,,,,,,,,
,,,,,,,,,,,,,,,,
,,,,,,,,,,,,,,,,
,,,,,,,,,,,,,,,,
,,,,,,,,,,,,,,,,
,,,,,,,,,,,,,,,,
,,,,,,,,,,,,,,,,
,,,,,,,,,,,,,,,,
,,,,,,,,,,,,,,,,
,,,,,,,,,,,,,,,,
,,,,,,,,,,,,,,,,
,,,,,,,,,,,,,,,,
,,,,,,,,,,,,,,,,
,,,,,,,,,,,,,,,,
,,,,,,,,,,,,,,,,
,,,,,,,,,,,,,,,,
,,,,,,,,,,,,,,,,
,,,,,,,,,,,,,,,,
,,,,,,,,,,,,,,,,
,,,,,,,,,,,,,,,,
,,,,,,,,,,,,,,,,
,,,,,,,,,,,,,,,,
,,,,,,,,,,,,,,,,
,,,,,,,,,,,,,,,,
,,,,,,,,,,,,,,,,
,,,,,,,,,,,,,,,,
,,,,,,,,,,,,,,,,
,,,,,,,,,,,,,,,,
,,,,,,,,,,,,,,,,
,,,,,,,,,,,,,,,,
,,,,,,,,,,,,,,,,
,,,,,,,,,,,,,,,,
,,,,,,,,,,,,,,,,
,,,,,,,,,,,,,,,,
,,,,,,,,,,,,,,,,
,,,,,,,,,,,,,,,,
,,,,,,,,,,,,,,,,
,,,,,,,,,,,,,,,,
,,,,,,,,,,,,,,,,
,,,,,,,,,,,,,,,,
,,,,,,,,,,,,,,,,
,,,,,,,,,,,,,,,,
,,,,,,,,,,,,,,,,
,,,,,,,,,,,,,,,,
,,,,,,,,,,,,,,,,
,,,,,,,,,,,,,,,,
,,,,,,,,,,,,,,,,
,,,,,,,,,,,,,,,,
,,,,,,,,,,,,,,,,
,,,,,,,,,,,,,,,,
,,,,,,,,,,,,,,,,
,,,,,,,,,,,,,,,,
,,,,,,,,,,,,,,,,
,,,,,,,,,,,,,,,,
,,,,,,,,,,,,,,,,
,,,,,,,,,,,,,,,,
,,,,,,,,,,,,,,,,
,,,,,,,,,,,,,,,,
,,,,,,,,,,,,,,,,
,,,,,,,,,,,,,,,,
,,,,,,,,,,,,,,,,
,,,,,,,,,,,,,,,,
,,,,,,,,,,,,,,,,
,,,,,,,,,,,,,,,,
,,,,,,,,,,,,,,,,
,,,,,,,,,,,,,,,,
,,,,,,,,,,,,,,,,
,,,,,,,,,,,,,,,,
,,,,,,,,,,,,,,,,
,,,,,,,,,,,,,,,,
,,,,,,,,,,,,,,,,
,,,,,,,,,,,,,,,,
,,,,,,,,,,,,,,,,
,,,,,,,,,,,,,,,,
,,,,,,,,,,,,,,,,
,,,,,,,,,,,,,,,,
,,,,,,,,,,,,,,,,
,,,,,,,,,,,,,,,,
,,,,,,,,,,,,,,,,
,,,,,,,,,,,,,,,,
,,,,,,,,,,,,,,,,
,,,,,,,,,,,,,,,,
,,,,,,,,,,,,,,,,
,,,,,,,,,,,,,,,,
,,,,,,,,,,,,,,,,
,,,,,,,,,,,,,,,,
,,,,,,,,,,,,,,,,
,,,,,,,,,,,,,,,,
,,,,,,,,,,,,,,,,
,,,,,,,,,,,,,,,,
,,,,,,,,,,,,,,,,
,,,,,,,,,,,,,,,,
,,,,,,,,,,,,,,,,
,,,,,,,,,,,,,,,,
,,,,,,,,,,,,,,,,
,,,,,,,,,,,,,,,,
,,,,,,,,,,,,,,,,
,,,,,,,,,,,,,,,,
,,,,,,,,,,,,,,,,
,,,,,,,,,,,,,,,,
,,,,,,,,,,,,,,,,
,,,,,,,,,,,,,,,,
,,,,,,,,,,,,,,,,
,,,,,,,,,,,,,,,,
,,,,,,,,,,,,,,,,
,,,,,,,,,,,,,,,,
,,,,,,,,,,,,,,,,
,,,,,,,,,,,,,,,,
,,,,,,,,,,,,,,,,
,,,,,,,,,,,,,,,,
,,,,,,,,,,,,,,,,
,,,,,,,,,,,,,,,,
,,,,,,,,,,,,,,,,
,,,,,,,,,,,,,,,,
,,,,,,,,,,,,,,,,
,,,,,,,,,,,,,,,,
,,,,,,,,,,,,,,,,
,,,,,,,,,,,,,,,,
,,,,,,,,,,,,,,,,
,,,,,,,,,,,,,,,,
,,,,,,,,,,,,,,,,
,,,,,,,,,,,,,,,,
,,,,,,,,,,,,,,,,
,,,,,,,,,,,,,,,,
,,,,,,,,,,,,,,,,
,,,,,,,,,,,,,,,,
,,,,,,,,,,,,,,,,
,,,,,,,,,,,,,,,,
,,,,,,,,,,,,,,,,
,,,,,,,,,,,,,,,,
,,,,,,,,,,,,,,,,
,,,,,,,,,,,,,,,,
,,,,,,,,,,,,,,,,
,,,,,,,,,,,,,,,,
,,,,,,,,,,,,,,,,
,,,,,,,,,,,,,,,,
,,,,,,,,,,,,,,,,
,,,,,,,,,,,,,,,,
,,,,,,,,,,,,,,,,
,,,,,,,,,,,,,,,,
,,,,,,,,,,,,,,,,
,,,,,,,,,,,,,,,,
,,,,,,,,,,,,,,,,
,,,,,,,,,,,,,,,,
,,,,,,,,,,,,,,,,
,,,,,,,,,,,,,,,,
,,,,,,,,,,,,,,,,
,,,,,,,,,,,,,,,,
,,,,,,,,,,,,,,,,
,,,,,,,,,,,,,,,,
,,,,,,,,,,,,,,,,
,,,,,,,,,,,,,,,,
,,,,,,,,,,,,,,,,
,,,,,,,,,,,,,,,,
,,,,,,,,,,,,,,,,
,,,,,,,,,,,,,,,,
,,,,,,,,,,,,,,,,
,,,,,,,,,,,,,,,,
,,,,,,,,,,,,,,,,
,,,,,,,,,,,,,,,,
,,,,,,,,,,,,,,,,
,,,,,,,,,,,,,,,,
,,,,,,,,,,,,,,,,
,,,,,,,,,,,,,,,,
,,,,,,,,,,,,,,,,
,,,,,,,,,,,,,,,,
,,,,,,,,,,,,,,,,
,,,,,,,,,,,,,,,,
,,,,,,,,,,,,,,,,
,,,,,,,,,,,,,,,,
,,,,,,,,,,,,,,,,
,,,,,,,,,,,,,,,,
,,,,,,,,,,,,,,,,
,,,,,,,,,,,,,,,,
,,,,,,,,,,,,,,,,
,,,,,,,,,,,,,,,,
,,,,,,,,,,,,,,,,
,,,,,,,,,,,,,,,,
,,,,,,,,,,,,,,,,
,,,,,,,,,,,,,,,,
,,,,,,,,,,,,,,,,
,,,,,,,,,,,,,,,,
,,,,,,,,,,,,,,,,
,,,,,,,,,,,,,,,,
,,,,,,,,,,,,,,,,
,,,,,,,,,,,,,,,,
,,,,,,,,,,,,,,,,
,,,,,,,,,,,,,,,,
,,,,,,,,,,,,,,,,
,,,,,,,,,,,,,,,,
,,,,,,,,,,,,,,,,
,,,,,,,,,,,,,,,,
,,,,,,,,,,,,,,,,
,,,,,,,,,,,,,,,,
,,,,,,,,,,,,,,,,
,,,,,,,,,,,,,,,,
,,,,,,,,,,,,,,,,
,,,,,,,,,,,,,,,,
,,,,,,,,,,,,,,,,
,,,,,,,,,,,,,,,,
,,,,,,,,,,,,,,,,
,,,,,,,,,,,,,,,,
,,,,,,,,,,,,,,,,
,,,,,,,,,,,,,,,,
,,,,,,,,,,,,,,,,
,,,,,,,,,,,,,,,,
,,,,,,,,,,,,,,,,
,,,,,,,,,,,,,,,,
,,,,,,,,,,,,,,,,
,,,,,,,,,,,,,,,,
,,,,,,,,,,,,,,,,
,,,,,,,,,,,,,,,,
,,,,,,,,,,,,,,,,
,,,,,,,,,,,,,,,,
,,,,,,,,,,,,,,,,
,,,,,,,,,,,,,,,,
,,,,,,,,,,,,,,,,
,,,,,,,,,,,,,,,,
,,,,,,,,,,,,,,,,
,,,,,,,,,,,,,,,,
,,,,,,,,,,,,,,,,
,,,,,,,,,,,,,,,,
,,,,,,,,,,,,,,,,
,,,,,,,,,,,,,,,,
,,,,,,,,,,,,,,,,
,,,,,,,,,,,,,,,,
,,,,,,,,,,,,,,,,
,,,,,,,,,,,,,,,,
,,,,,,,,,,,,,,,,
,,,,,,,,,,,,,,,,
,,,,,,,,,,,,,,,,
,,,,,,,,,,,,,,,,
,,,,,,,,,,,,,,,,
,,,,,,,,,,,,,,,,
,,,,,,,,,,,,,,,,
,,,,,,,,,,,,,,,,
,,,,,,,,,,,,,,,,
,,,,,,,,,,,,,,,,
,,,,,,,,,,,,,,,,
,,,,,,,,,,,,,,,,
,,,,,,,,,,,,,,,,
,,,,,,,,,,,,,,,,
,,,,,,,,,,,,,,,,
,,,,,,,,,,,,,,,,
,,,,,,,,,,,,,,,,
,,,,,,,,,,,,,,,,
,,,,,,,,,,,,,,,,
,,,,,,,,,,,,,,,,
,,,,,,,,,,,,,,,,
,,,,,,,,,,,,,,,,
,,,,,,,,,,,,,,,,
,,,,,,,,,,,,,,,,
,,,,,,,,,,,,,,,,
,,,,,,,,,,,,,,,,
,,,,,,,,,,,,,,,,
,,,,,,,,,,,,,,,,
,,,,,,,,,,,,,,,,
,,,,,,,,,,,,,,,,
,,,,,,,,,,,,,,,,
,,,,,,,,,,,,,,,,
,,,,,,,,,,,,,,,,
,,,,,,,,,,,,,,,,
,,,,,,,,,,,,,,,,
,,,,,,,,,,,,,,,,
,,,,,,,,,,,,,,,,
,,,,,,,,,,,,,,,,
,,,,,,,,,,,,,,,,
,,,,,,,,,,,,,,,,
,,,,,,,,,,,,,,,,
,,,,,,,,,,,,,,,,
,,,,,,,,,,,,,,,,
,,,,,,,,,,,,,,,,
,,,,,,,,,,,,,,,,
,,,,,,,,,,,,,,,,
,,,,,,,,,,,,,,,,
,,,,,,,,,,,,,,,,
,,,,,,,,,,,,,,,,
,,,,,,,,,,,,,,,,
,,,,,,,,,,,,,,,,
,,,,,,,,,,,,,,,,
,,,,,,,,,,,,,,,,
,,,,,,,,,,,,,,,,
,,,,,,,,,,,,,,,,
,,,,,,,,,,,,,,,,
,,,,,,,,,,,,,,,,
,,,,,,,,,,,,,,,,
,,,,,,,,,,,,,,,,
,,,,,,,,,,,,,,,,
,,,,,,,,,,,,,,,,
,,,,,,,,,,,,,,,,
,,,,,,,,,,,,,,,,
,,,,,,,,,,,,,,,,
,,,,,,,,,,,,,,,,
,,,,,,,,,,,,,,,,
,,,,,,,,,,,,,,,,
,,,,,,,,,,,,,,,,
,,,,,,,,,,,,,,,,
,,,,,,,,,,,,,,,,
,,,,,,,,,,,,,,,,
,,,,,,,,,,,,,,,,
,,,,,,,,,,,,,,,,
,,,,,,,,,,,,,,,,
,,,,,,,,,,,,,,,,
,,,,,,,,,,,,,,,,
,,,,,,,,,,,,,,,,
,,,,,,,,,,,,,,,,
,,,,,,,,,,,,,,,,
,,,,,,,,,,,,,,,,
,,,,,,,,,,,,,,,,
,,,,,,,,,,,,,,,,
,,,,,,,,,,,,,,,,
,,,,,,,,,,,,,,,,
,,,,,,,,,,,,,,,,
,,,,,,,,,,,,,,,,
,,,,,,,,,,,,,,,,
,,,,,,,,,,,,,,,,
,,,,,,,,,,,,,,,,
,,,,,,,,,,,,,,,,
,,,,,,,,,,,,,,,,
,,,,,,,,,,,,,,,,
,,,,,,,,,,,,,,,,
,,,,,,,,,,,,,,,,
,,,,,,,,,,,,,,,,
,,,,,,,,,,,,,,,,
,,,,,,,,,,,,,,,,
,,,,,,,,,,,,,,,,
,,,,,,,,,,,,,,,,
,,,,,,,,,,,,,,,,
,,,,,,,,,,,,,,,,
,,,,,,,,,,,,,,,,
,,,,,,,,,,,,,,,,
,,,,,,,,,,,,,,,,
,,,,,,,,,,,,,,,,
,,,,,,,,,,,,,,,,
,,,,,,,,,,,,,,,,
,,,,,,,,,,,,,,,,
,,,,,,,,,,,,,,,,
,,,,,,,,,,,,,,,,
,,,,,,,,,,,,,,,,
,,,,,,,,,,,,,,,,
,,,,,,,,,,,,,,,,
,,,,,,,,,,,,,,,,
,,,,,,,,,,,,,,,,
,,,,,,,,,,,,,,,,
,,,,,,,,,,,,,,,,
,,,,,,,,,,,,,,,,
,,,,,,,,,,,,,,,,
,,,,,,,,,,,,,,,,
,,,,,,,,,,,,,,,,
,,,,,,,,,,,,,,,,
,,,,,,,,,,,,,,,,
,,,,,,,,,,,,,,,,
,,,,,,,,,,,,,,,,
,,,,,,,,,,,,,,,,
,,,,,,,,,,,,,,,,
,,,,,,,,,,,,,,,,
,,,,,,,,,,,,,,,,
,,,,,,,,,,,,,,,,
,,,,,,,,,,,,,,,,
,,,,,,,,,,,,,,,,
,,,,,,,,,,,,,,,,
,,,,,,,,,,,,,,,,
,,,,,,,,,,,,,,,,
,,,,,,,,,,,,,,,,
,,,,,,,,,,,,,,,,
,,,,,,,,,,,,,,,,
,,,,,,,,,,,,,,,,
,,,,,,,,,,,,,,,,
,,,,,,,,,,,,,,,,
,,,,,,,,,,,,,,,,
,,,,,,,,,,,,,,,,
,,,,,,,,,,,,,,,,
,,,,,,,,,,,,,,,,
,,,,,,,,,,,,,,,,
,,,,,,,,,,,,,,,,
,,,,,,,,,,,,,,,,
,,,,,,,,,,,,,,,,
,,,,,,,,,,,,,,,,
,,,,,,,,,,,,,,,,
,,,,,,,,,,,,,,,,
,,,,,,,,,,,,,,,,
,,,,,,,,,,,,,,,,
,,,,,,,,,,,,,,,,
,,,,,,,,,,,,,,,,
,,,,,,,,,,,,,,,,
,,,,,,,,,,,,,,,,
,,,,,,,,,,,,,,,,
,,,,,,,,,,,,,,,,
,,,,,,,,,,,,,,,,
,,,,,,,,,,,,,,,,
,,,,,,,,,,,,,,,,
,,,,,,,,,,,,,,,,
,,,,,,,,,,,,,,,,
,,,,,,,,,,,,,,,,
,,,,,,,,,,,,,,,,
,,,,,,,,,,,,,,,,
,,,,,,,,,,,,,,,,
,,,,,,,,,,,,,,,,
,,,,,,,,,,,,,,,,
,,,,,,,,,,,,,,,,
,,,,,,,,,,,,,,,,
,,,,,,,,,,,,,,,,
,,,,,,,,,,,,,,,,
,,,,,,,,,,,,,,,,
,,,,,,,,,,,,,,,,
,,,,,,,,,,,,,,,,
,,,,,,,,,,,,,,,,
,,,,,,,,,,,,,,,,
,,,,,,,,,,,,,,,,
,,,,,,,,,,,,,,,,
,,,,,,,,,,,,,,,,
,,,,,,,,,,,,,,,,
,,,,,,,,,,,,,,,,
,,,,,,,,,,,,,,,,
,,,,,,,,,,,,,,,,
,,,,,,,,,,,,,,,,
,,,,,,,,,,,,,,,,
,,,,,,,,,,,,,,,,
,,,,,,,,,,,,,,,,
,,,,,,,,,,,,,,,,
,,,,,,,,,,,,,,,,
,,,,,,,,,,,,,,,,
,,,,,,,,,,,,,,,,
,,,,,,,,,,,,,,,,
,,,,,,,,,,,,,,,,
,,,,,,,,,,,,,,,,
,,,,,,,,,,,,,,,,
,,,,,,,,,,,,,,,,
,,,,,,,,,,,,,,,,
,,,,,,,,,,,,,,,,
,,,,,,,,,,,,,,,,
,,,,,,,,,,,,,,,,
,,,,,,,,,,,,,,,,
,,,,,,,,,,,,,,,,
,,,,,,,,,,,,,,,,
,,,,,,,,,,,,,,,,
,,,,,,,,,,,,,,,,
,,,,,,,,,,,,,,,,
,,,,,,,,,,,,,,,,
,,,,,,,,,,,,,,,,
,,,,,,,,,,,,,,,,
,,,,,,,,,,,,,,,,
,,,,,,,,,,,,,,,,
,,,,,,,,,,,,,,,,
,,,,,,,,,,,,,,,,
,,,,,,,,,,,,,,,,
,,,,,,,,,,,,,,,,
,,,,,,,,,,,,,,,,
,,,,,,,,,,,,,,,,
,,,,,,,,,,,,,,,,
,,,,,,,,,,,,,,,,
,,,,,,,,,,,,,,,,
,,,,,,,,,,,,,,,,
,,,,,,,,,,,,,,,,
,,,,,,,,,,,,,,,,
,,,,,,,,,,,,,,,,
,,,,,,,,,,,,,,,,
,,,,,,,,,,,,,,,,
,,,,,,,,,,,,,,,,
,,,,,,,,,,,,,,,,
,,,,,,,,,,,,,,,,
,,,,,,,,,,,,,,,,
,,,,,,,,,,,,,,,,
,,,,,,,,,,,,,,,,
,,,,,,,,,,,,,,,,
,,,,,,,,,,,,,,,,
,,,,,,,,,,,,,,,,
,,,,,,,,,,,,,,,,
,,,,,,,,,,,,,,,,
,,,,,,,,,,,,,,,,
,,,,,,,,,,,,,,,,
,,,,,,,,,,,,,,,,
,,,,,,,,,,,,,,,,
,,,,,,,,,,,,,,,,
,,,,,,,,,,,,,,,,
,,,,,,,,,,,,,,,,
,,,,,,,,,,,,,,,,
,,,,,,,,,,,,,,,,
,,,,,,,,,,,,,,,,
,,,,,,,,,,,,,,,,
,,,,,,,,,,,,,,,,
,,,,,,,,,,,,,,,,
,,,,,,,,,,,,,,,,
,,,,,,,,,,,,,,,,
,,,,,,,,,,,,,,,,
,,,,,,,,,,,,,,,,
,,,,,,,,,,,,,,,,
,,,,,,,,,,,,,,,,
,,,,,,,,,,,,,,,,
,,,,,,,,,,,,,,,,
,,,,,,,,,,,,,,,,
,,,,,,,,,,,,,,,,
,,,,,,,,,,,,,,,,
,,,,,,,,,,,,,,,,
,,,,,,,,,,,,,,,,
,,,,,,,,,,,,,,,,
,,,,,,,,,,,,,,,,
,,,,,,,,,,,,,,,,
,,,,,,,,,,,,,,,,
,,,,,,,,,,,,,,,,
,,,,,,,,,,,,,,,,
,,,,,,,,,,,,,,,,
,,,,,,,,,,,,,,,,
,,,,,,,,,,,,,,,,
,,,,,,,,,,,,,,,,
,,,,,,,,,,,,,,,,
,,,,,,,,,,,,,,,,
,,,,,,,,,,,,,,,,
,,,,,,,,,,,,,,,,
,,,,,,,,,,,,,,,,
,,,,,,,,,,,,,,,,
,,,,,,,,,,,,,,,,
,,,,,,,,,,,,,,,,
,,,,,,,,,,,,,,,,
,,,,,,,,,,,,,,,,
,,,,,,,,,,,,,,,,
,,,,,,,,,,,,,,,,
,,,,,,,,,,,,,,,,
,,,,,,,,,,,,,,,,
,,,,,,,,,,,,,,,,
,,,,,,,,,,,,,,,,
,,,,,,,,,,,,,,,,
,,,,,,,,,,,,,,,,
,,,,,,,,,,,,,,,,
,,,,,,,,,,,,,,,,
,,,,,,,,,,,,,,,,
,,,,,,,,,,,,,,,,
,,,,,,,,,,,,,,,,
,,,,,,,,,,,,,,,,
,,,,,,,,,,,,,,,,
,,,,,,,,,,,,,,,,
,,,,,,,,,,,,,,,,
,,,,,,,,,,,,,,,,
,,,,,,,,,,,,,,,,
,,,,,,,,,,,,,,,,
,,,,,,,,,,,,,,,,
,,,,,,,,,,,,,,,,
,,,,,,,,,,,,,,,,
,,,,,,,,,,,,,,,,
,,,,,,,,,,,,,,,,
,,,,,,,,,,,,,,,,
,,,,,,,,,,,,,,,,
,,,,,,,,,,,,,,,,
,,,,,,,,,,,,,,,,
,,,,,,,,,,,,,,,,
,,,,,,,,,,,,,,,,
,,,,,,,,,,,,,,,,
,,,,,,,,,,,,,,,,
,,,,,,,,,,,,,,,,
,,,,,,,,,,,,,,,,
,,,,,,,,,,,,,,,,
,,,,,,,,,,,,,,,,
,,,,,,,,,,,,,,,,
,,,,,,,,,,,,,,,,
,,,,,,,,,,,,,,,,
,,,,,,,,,,,,,,,,
,,,,,,,,,,,,,,,,
,,,,,,,,,,,,,,,,
,,,,,,,,,,,,,,,,
,,,,,,,,,,,,,,,,
,,,,,,,,,,,,,,,,
,,,,,,,,,,,,,,,,
,,,,,,,,,,,,,,,,
,,,,,,,,,,,,,,,,
,,,,,,,,,,,,,,,,
,,,,,,,,,,,,,,,,
,,,,,,,,,,,,,,,,
,,,,,,,,,,,,,,,,
,,,,,,,,,,,,,,,,
,,,,,,,,,,,,,,,,
,,,,,,,,,,,,,,,,
,,,,,,,,,,,,,,,,
,,,,,,,,,,,,,,,,
,,,,,,,,,,,,,,,,
,,,,,,,,,,,,,,,,
,,,,,,,,,,,,,,,,
,,,,,,,,,,,,,,,,
,,,,,,,,,,,,,,,,
,,,,,,,,,,,,,,,,
,,,,,,,,,,,,,,,,
,,,,,,,,,,,,,,,,
,,,,,,,,,,,,,,,,
,,,,,,,,,,,,,,,,
,,,,,,,,,,,,,,,,
,,,,,,,,,,,,,,,,
,,,,,,,,,,,,,,,,
,,,,,,,,,,,,,,,,
,,,,,,,,,,,,,,,,
,,,,,,,,,,,,,,,,
,,,,,,,,,,,,,,,,
,,,,,,,,,,,,,,,,
,,,,,,,,,,,,,,,,
,,,,,,,,,,,,,,,,
,,,,,,,,,,,,,,,,
,,,,,,,,,,,,,,,,
,,,,,,,,,,,,,,,,
,,,,,,,,,,,,,,,,
,,,,,,,,,,,,,,,,
,,,,,,,,,,,,,,,,
,,,,,,,,,,,,,,,,
,,,,,,,,,,,,,,,,
,,,,,,,,,,,,,,,,
,,,,,,,,,,,,,,,,
,,,,,,,,,,,,,,,,
,,,,,,,,,,,,,,,,
,,,,,,,,,,,,,,,,
,,,,,,,,,,,,,,,,
,,,,,,,,,,,,,,,,
,,,,,,,,,,,,,,,,
,,,,,,,,,,,,,,,,
,,,,,,,,,,,,,,,,
,,,,,,,,,,,,,,,,
,,,,,,,,,,,,,,,,
,,,,,,,,,,,,,,,,
,,,,,,,,,,,,,,,,
,,,,,,,,,,,,,,,,
,,,,,,,,,,,,,,,,
,,,,,,,,,,,,,,,,
,,,,,,,,,,,,,,,,
,,,,,,,,,,,,,,,,
,,,,,,,,,,,,,,,,
,,,,,,,,,,,,,,,,
,,,,,,,,,,,,,,,,
,,,,,,,,,,,,,,,,
,,,,,,,,,,,,,,,,
,,,,,,,,,,,,,,,,
,,,,,,,,,,,,,,,,
,,,,,,,,,,,,,,,,
,,,,,,,,,,,,,,,,
,,,,,,,,,,,,,,,,
,,,,,,,,,,,,,,,,
,,,,,,,,,,,,,,,,
,,,,,,,,,,,,,,,,
,,,,,,,,,,,,,,,,
,,,,,,,,,,,,,,,,
,,,,,,,,,,,,,,,,
,,,,,,,,,,,,,,,,
,,,,,,,,,,,,,,,,
,,,,,,,,,,,,,,,,
,,,,,,,,,,,,,,,,
,,,,,,,,,,,,,,,,
,,,,,,,,,,,,,,,,
,,,,,,,,,,,,,,,,
,,,,,,,,,,,,,,,,
,,,,,,,,,,,,,,,,
,,,,,,,,,,,,,,,,
,,,,,,,,,,,,,,,,
,,,,,,,,,,,,,,,,
,,,,,,,,,,,,,,,,
,,,,,,,,,,,,,,,,
,,,,,,,,,,,,,,,,
,,,,,,,,,,,,,,,,
,,,,,,,,,,,,,,,,
,,,,,,,,,,,,,,,,
,,,,,,,,,,,,,,,,
,,,,,,,,,,,,,,,,
,,,,,,,,,,,,,,,,
,,,,,,,,,,,,,,,,
,,,,,,,,,,,,,,,,
,,,,,,,,,,,,,,,,
,,,,,,,,,,,,,,,,
,,,,,,,,,,,,,,,,
,,,,,,,,,,,,,,,,
,,,,,,,,,,,,,,,,
,,,,,,,,,,,,,,,,
,,,,,,,,,,,,,,,,
,,,,,,,,,,,,,,,,
,,,,,,,,,,,,,,,,
,,,,,,,,,,,,,,,,
,,,,,,,,,,,,,,,,
,,,,,,,,,,,,,,,,
,,,,,,,,,,,,,,,,
,,,,,,,,,,,,,,,,
,,,,,,,,,,,,,,,,
,,,,,,,,,,,,,,,,
,,,,,,,,,,,,,,,,
,,,,,,,,,,,,,,,,
,,,,,,,,,,,,,,,,
,,,,,,,,,,,,,,,,
,,,,,,,,,,,,,,,,
,,,,,,,,,,,,,,,,
,,,,,,,,,,,,,,,,
,,,,,,,,,,,,,,,,
,,,,,,,,,,,,,,,,
,,,,,,,,,,,,,,,,
,,,,,,,,,,,,,,,,
,,,,,,,,,,,,,,,,
,,,,,,,,,,,,,,,,
,,,,,,,,,,,,,,,,
,,,,,,,,,,,,,,,,
,,,,,,,,,,,,,,,,
,,,,,,,,,,,,,,,,
,,,,,,,,,,,,,,,,
,,,,,,,,,,,,,,,,
,,,,,,,,,,,,,,,,
,,,,,,,,,,,,,,,,
,,,,,,,,,,,,,,,,
,,,,,,,,,,,,,,,,
,,,,,,,,,,,,,,,,
,,,,,,,,,,,,,,,,
,,,,,,,,,,,,,,,,
,,,,,,,,,,,,,,,,
,,,,,,,,,,,,,,,,
,,,,,,,,,,,,,,,,
,,,,,,,,,,,,,,,,
,,,,,,,,,,,,,,,,
,,,,,,,,,,,,,,,,
,,,,,,,,,,,,,,,,
,,,,,,,,,,,,,,,,
,,,,,,,,,,,,,,,,
,,,,,,,,,,,,,,,,
,,,,,,,,,,,,,,,,
,,,,,,,,,,,,,,,,
,,,,,,,,,,,,,,,,
,,,,,,,,,,,,,,,,
,,,,,,,,,,,,,,,,
,,,,,,,,,,,,,,,,
,,,,,,,,,,,,,,,,
,,,,,,,,,,,,,,,,
,,,,,,,,,,,,,,,,
,,,,,,,,,,,,,,,,
,,,,,,,,,,,,,,,,
,,,,,,,,,,,,,,,,
,,,,,,,,,,,,,,,,
,,,,,,,,,,,,,,,,
,,,,,,,,,,,,,,,,
,,,,,,,,,,,,,,,,
,,,,,,,,,,,,,,,,
,,,,,,,,,,,,,,,,
,,,,,,,,,,,,,,,,
,,,,,,,,,,,,,,,,
,,,,,,,,,,,,,,,,
,,,,,,,,,,,,,,,,
,,,,,,,,,,,,,,,,
,,,,,,,,,,,,,,,,
,,,,,,,,,,,,,,,,
,,,,,,,,,,,,,,,,
,,,,,,,,,,,,,,,,
,,,,,,,,,,,,,,,,
,,,,,,,,,,,,,,,,
,,,,,,,,,,,,,,,,
,,,,,,,,,,,,,,,,
,,,,,,,,,,,,,,,,
,,,,,,,,,,,,,,,,
,,,,,,,,,,,,,,,,
,,,,,,,,,,,,,,,,
,,,,,,,,,,,,,,,,
,,,,,,,,,,,,,,,,
,,,,,,,,,,,,,,,,
,,,,,,,,,,,,,,,,
,,,,,,,,,,,,,,,,
,,,,,,,,,,,,,,,,
,,,,,,,,,,,,,,,,
,,,,,,,,,,,,,,,,
,,,,,,,,,,,,,,,,
,,,,,,,,,,,,,,,,
,,,,,,,,,,,,,,,,
,,,,,,,,,,,,,,,,
,,,,,,,,,,,,,,,,
,,,,,,,,,,,,,,,,
,,,,,,,,,,,,,,,,
,,,,,,,,,,,,,,,,
,,,,,,,,,,,,,,,,
,,,,,,,,,,,,,,,,
,,,,,,,,,,,,,,,,
,,,,,,,,,,,,,,,,
,,,,,,,,,,,,,,,,
,,,,,,,,,,,,,,,,
,,,,,,,,,,,,,,,,
,,,,,,,,,,,,,,,,
,,,,,,,,,,,,,,,,
,,,,,,,,,,,,,,,,
,,,,,,,,,,,,,,,,
,,,,,,,,,,,,,,,,
,,,,,,,,,,,,,,,,
,,,,,,,,,,,,,,,,
,,,,,,,,,,,,,,,,
,,,,,,,,,,,,,,,,
,,,,,,,,,,,,,,,,
,,,,,,,,,,,,,,,,
,,,,,,,,,,,,,,,,
,,,,,,,,,,,,,,,,
,,,,,,,,,,,,,,,,
,,,,,,,,,,,,,,,,
,,,,,,,,,,,,,,,,
,,,,,,,,,,,,,,,,
,,,,,,,,,,,,,,,,
,,,,,,,,,,,,,,,,
,,,,,,,,,,,,,,,,
,,,,,,,,,,,,,,,,
,,,,,,,,,,,,,,,,
,,,,,,,,,,,,,,,,
,,,,,,,,,,,,,,,,
,,,,,,,,,,,,,,,,
,,,,,,,,,,,,,,,,
,,,,,,,,,,,,,,,,
,,,,,,,,,,,,,,,,
,,,,,,,,,,,,,,,,
,,,,,,,,,,,,,,,,
,,,,,,,,,,,,,,,,
,,,,,,,,,,,,,,,,
,,,,,,,,,,,,,,,,
,,,,,,,,,,,,,,,,
,,,,,,,,,,,,,,,,
,,,,,,,,,,,,,,,,
,,,,,,,,,,,,,,,,
,,,,,,,,,,,,,,,,
,,,,,,,,,,,,,,,,
,,,,,,,,,,,,,,,,
,,,,,,,,,,,,,,,,
,,,,,,,,,,,,,,,,
,,,,,,,,,,,,,,,,
,,,,,,,,,,,,,,,,
,,,,,,,,,,,,,,,,
,,,,,,,,,,,,,,,,
,,,,,,,,,,,,,,,,
,,,,,,,,,,,,,,,,
,,,,,,,,,,,,,,,,
,,,,,,,,,,,,,,,,
,,,,,,,,,,,,,,,,
,,,,,,,,,,,,,,,,
,,,,,,,,,,,,,,,,
,,,,,,,,,,,,,,,,
,,,,,,,,,,,,,,,,
,,,,,,,,,,,,,,,,
,,,,,,,,,,,,,,,,
,,,,,,,,,,,,,,,,
,,,,,,,,,,,,,,,,
,,,,,,,,,,,,,,,,
,,,,,,,,,,,,,,,,
,,,,,,,,,,,,,,,,
,,,,,,,,,,,,,,,,
,,,,,,,,,,,,,,,,
,,,,,,,,,,,,,,,,
,,,,,,,,,,,,,,,,
,,,,,,,,,,,,,,,,
,,,,,,,,,,,,,,,,
,,,,,,,,,,,,,,,,
,,,,,,,,,,,,,,,,
,,,,,,,,,,,,,,,,
,,,,,,,,,,,,,,,,
,,,,,,,,,,,,,,,,
,,,,,,,,,,,,,,,,
,,,,,,,,,,,,,,,,
,,,,,,,,,,,,,,,,
,,,,,,,,,,,,,,,,
,,,,,,,,,,,,,,,,
,,,,,,,,,,,,,,,,
,,,,,,,,,,,,,,,,
,,,,,,,,,,,,,,,,
,,,,,,,,,,,,,,,,
,,,,,,,,,,,,,,,,
,,,,,,,,,,,,,,,,
,,,,,,,,,,,,,,,,
,,,,,,,,,,,,,,,,
,,,,,,,,,,,,,,,,
,,,,,,,,,,,,,,,,
,,,,,,,,,,,,,,,,
,,,,,,,,,,,,,,,,
,,,,,,,,,,,,,,,,
,,,,,,,,,,,,,,,,
,,,,,,,,,,,,,,,,
,,,,,,,,,,,,,,,,
,,,,,,,,,,,,,,,,
,,,,,,,,,,,,,,,,
,,,,,,,,,,,,,,,,
,,,,,,,,,,,,,,,,
,,,,,,,,,,,,,,,,
,,,,,,,,,,,,,,,,
,,,,,,,,,,,,,,,,
,,,,,,,,,,,,,,,,
,,,,,,,,,,,,,,,,
,,,,,,,,,,,,,,,,
,,,,,,,,,,,,,,,,
,,,,,,,,,,,,,,,,
,,,,,,,,,,,,,,,,
,,,,,,,,,,,,,,,,
,,,,,,,,,,,,,,,,
,,,,,,,,,,,,,,,,
,,,,,,,,,,,,,,,,
,,,,,,,,,,,,,,,,
,,,,,,,,,,,,,,,,
,,,,,,,,,,,,,,,,
,,,,,,,,,,,,,,,,
,,,,,,,,,,,,,,,,
,,,,,,,,,,,,,,,,
,,,,,,,,,,,,,,,,
,,,,,,,,,,,,,,,,
,,,,,,,,,,,,,,,,
,,,,,,,,,,,,,,,,
,,,,,,,,,,,,,,,,
,,,,,,,,,,,,,,,,
,,,,,,,,,,,,,,,,
,,,,,,,,,,,,,,,,
,,,,,,,,,,,,,,,,
,,,,,,,,,,,,,,,,
,,,,,,,,,,,,,,,,
,,,,,,,,,,,,,,,,
,,,,,,,,,,,,,,,,
,,,,,,,,,,,,,,,,
,,,,,,,,,,,,,,,,
,,,,,,,,,,,,,,,,
,,,,,,,,,,,,,,,,
,,,,,,,,,,,,,,,,
,,,,,,,,,,,,,,,,
,,,,,,,,,,,,,,,,
,,,,,,,,,,,,,,,,
,,,,,,,,,,,,,,,,
,,,,,,,,,,,,,,,,
,,,,,,,,,,,,,,,,
,,,,,,,,,,,,,,,,
,,,,,,,,,,,,,,,,
,,,,,,,,,,,,,,,,
,,,,,,,,,,,,,,,,
,,,,,,,,,,,,,,,,
,,,,,,,,,,,,,,,,
,,,,,,,,,,,,,,,,
,,,,,,,,,,,,,,,,
,,,,,,,,,,,,,,,,
,,,,,,,,,,,,,,,,
,,,,,,,,,,,,,,,,
,,,,,,,,,,,,,,,,
,,,,,,,,,,,,,,,,
,,,,,,,,,,,,,,,,
,,,,,,,,,,,,,,,,
,,,,,,,,,,,,,,,,
,,,,,,,,,,,,,,,,
,,,,,,,,,,,,,,,,
,,,,,,,,,,,,,,,,
,,,,,,,,,,,,,,,,
,,,,,,,,,,,,,,,,
,,,,,,,,,,,,,,,,
,,,,,,,,,,,,,,,,
,,,,,,,,,,,,,,,,
,,,,,,,,,,,,,,,,
,,,,,,,,,,,,,,,,
,,,,,,,,,,,,,,,,
,,,,,,,,,,,,,,,,
,,,,,,,,,,,,,,,,
,,,,,,,,,,,,,,,,
,,,,,,,,,,,,,,,,
,,,,,,,,,,,,,,,,
,,,,,,,,,,,,,,,,
,,,,,,,,,,,,,,,,
,,,,,,,,,,,,,,,,
,,,,,,,,,,,,,,,,
,,,,,,,,,,,,,,,,
,,,,,,,,,,,,,,,,
,,,,,,,,,,,,,,,,
,,,,,,,,,,,,,,,,
,,,,,,,,,,,,,,,,
,,,,,,,,,,,,,,,,
,,,,,,,,,,,,,,,,
,,,,,,,,,,,,,,,,
,,,,,,,,,,,,,,,,
,,,,,,,,,,,,,,,,
,,,,,,,,,,,,,,,,
,,,,,,,,,,,,,,,,
,,,,,,,,,,,,,,,,
,,,,,,,,,,,,,,,,
,,,,,,,,,,,,,,,,
,,,,,,,,,,,,,,,,
,,,,,,,,,,,,,,,,
,,,,,,,,,,,,,,,,
,,,,,,,,,,,,,,,,
,,,,,,,,,,,,,,,,
,,,,,,,,,,,,,,,,
,,,,,,,,,,,,,,,,
,,,,,,,,,,,,,,,,
,,,,,,,,,,,,,,,,
,,,,,,,,,,,,,,,,
,,,,,,,,,,,,,,,,
,,,,,,,,,,,,,,,,
,,,,,,,,,,,,,,,,
,,,,,,,,,,,,,,,,
,,,,,,,,,,,,,,,,
,,,,,,,,,,,,,,,,
,,,,,,,,,,,,,,,,
,,,,,,,,,,,,,,,,
,,,,,,,,,,,,,,,,
,,,,,,,,,,,,,,,,
,,,,,,,,,,,,,,,,
,,,,,,,,,,,,,,,,
,,,,,,,,,,,,,,,,
,,,,,,,,,,,,,,,,
,,,,,,,,,,,,,,,,
,,,,,,,,,,,,,,,,
,,,,,,,,,,,,,,,,
,,,,,,,,,,,,,,,,
,,,,,,,,,,,,,,,,
,,,,,,,,,,,,,,,,
,,,,,,,,,,,,,,,,
,,,,,,,,,,,,,,,,
,,,,,,,,,,,,,,,,
,,,,,,,,,,,,,,,,
,,,,,,,,,,,,,,,,
,,,,,,,,,,,,,,,,
,,,,,,,,,,,,,,,,
,,,,,,,,,,,,,,,,
,,,,,,,,,,,,,,,,
,,,,,,,,,,,,,,,,
,,,,,,,,,,,,,,,,
,,,,,,,,,,,,,,,,
,,,,,,,,,,,,,,,,
,,,,,,,,,,,,,,,,
,,,,,,,,,,,,,,,,
,,,,,,,,,,,,,,,,
,,,,,,,,,,,,,,,,
,,,,,,,,,,,,,,,,
,,,,,,,,,,,,,,,,
,,,,,,,,,,,,,,,,
,,,,,,,,,,,,,,,,
,,,,,,,,,,,,,,,,
,,,,,,,,,,,,,,,,
,,,,,,,,,,,,,,,,
,,,,,,,,,,,,,,,,
,,,,,,,,,,,,,,,,
,,,,,,,,,,,,,,,,
,,,,,,,,,,,,,,,,
,,,,,,,,,,,,,,,,
,,,,,,,,,,,,,,,,
,,,,,,,,,,,,,,,,
,,,,,,,,,,,,,,,,
,,,,,,,,,,,,,,,,
,,,,,,,,,,,,,,,,
,,,,,,,,,,,,,,,,
,,,,,,,,,,,,,,,,
,,,,,,,,,,,,,,,,
,,,,,,,,,,,,,,,,
,,,,,,,,,,,,,,,,
,,,,,,,,,,,,,,,,
,,,,,,,,,,,,,,,,
,,,,,,,,,,,,,,,,
,,,,,,,,,,,,,,,,
,,,,,,,,,,,,,,,,
,,,,,,,,,,,,,,,,
,,,,,,,,,,,,,,,,
,,,,,,,,,,,,,,,,
,,,,,,,,,,,,,,,,
,,,,,,,,,,,,,,,,
,,,,,,,,,,,,,,,,
,,,,,,,,,,,,,,,,
,,,,,,,,,,,,,,,,
,,,,,,,,,,,,,,,,
,,,,,,,,,,,,,,,,
,,,,,,,,,,,,,,,,
,,,,,,,,,,,,,,,,
,,,,,,,,,,,,,,,,
,,,,,,,,,,,,,,,,
,,,,,,,,,,,,,,,,
,,,,,,,,,,,,,,,,
,,,,,,,,,,,,,,,,
,,,,,,,,,,,,,,,,
,,,,,,,,,,,,,,,,
,,,,,,,,,,,,,,,,
,,,,,,,,,,,,,,,,
,,,,,,,,,,,,,,,,
,,,,,,,,,,,,,,,,
,,,,,,,,,,,,,,,,
,,,,,,,,,,,,,,,,
,,,,,,,,,,,,,,,,
,,,,,,,,,,,,,,,,
,,,,,,,,,,,,,,,,
,,,,,,,,,,,,,,,,
,,,,,,,,,,,,,,,,
,,,,,,,,,,,,,,,,
,,,,,,,,,,,,,,,,
,,,,,,,,,,,,,,,,
,,,,,,,,,,,,,,,,
,,,,,,,,,,,,,,,,
,,,,,,,,,,,,,,,,
,,,,,,,,,,,,,,,,
,,,,,,,,,,,,,,,,
,,,,,,,,,,,,,,,,
,,,,,,,,,,,,,,,,
,,,,,,,,,,,,,,,,
,,,,,,,,,,,,,,,,
,,,,,,,,,,,,,,,,
,,,,,,,,,,,,,,,,
,,,,,,,,,,,,,,,,
,,,,,,,,,,,,,,,,
,,,,,,,,,,,,,,,,
,,,,,,,,,,,,,,,,
,,,,,,,,,,,,,,,,
,,,,,,,,,,,,,,,,
,,,,,,,,,,,,,,,,
,,,,,,,,,,,,,,,,
,,,,,,,,,,,,,,,,
,,,,,,,,,,,,,,,,
,,,,,,,,,,,,,,,,
,,,,,,,,,,,,,,,,
,,,,,,,,,,,,,,,,
,,,,,,,,,,,,,,,,
,,,,,,,,,,,,,,,,
,,,,,,,,,,,,,,,,
,,,,,,,,,,,,,,,,
,,,,,,,,,,,,,,,,
,,,,,,,,,,,,,,,,
,,,,,,,,,,,,,,,,
,,,,,,,,,,,,,,,,
,,,,,,,,,,,,,,,,
,,,,,,,,,,,,,,,,
,,,,,,,,,,,,,,,,
,,,,,,,,,,,,,,,,
,,,,,,,,,,,,,,,,
,,,,,,,,,,,,,,,,
,,,,,,,,,,,,,,,,
,,,,,,,,,,,,,,,,
,,,,,,,,,,,,,,,,
,,,,,,,,,,,,,,,,
,,,,,,,,,,,,,,,,
,,,,,,,,,,,,,,,,
,,,,,,,,,,,,,,,,
,,,,,,,,,,,,,,,,
,,,,,,,,,,,,,,,,
,,,,,,,,,,,,,,,,
,,,,,,,,,,,,,,,,
,,,,,,,,,,,,,,,,
,,,,,,,,,,,,,,,,
,,,,,,,,,,,,,,,,
,,,,,,,,,,,,,,,,
,,,,,,,,,,,,,,,,
,,,,,,,,,,,,,,,,
,,,,,,,,,,,,,,,,
,,,,,,,,,,,,,,,,
,,,,,,,,,,,,,,,,
,,,,,,,,,,,,,,,,
,,,,,,,,,,,,,,,,
,,,,,,,,,,,,,,,,
,,,,,,,,,,,,,,,,
,,,,,,,,,,,,,,,,
,,,,,,,,,,,,,,,,
,,,,,,,,,,,,,,,,
,,,,,,,,,,,,,,,,
,,,,,,,,,,,,,,,,
,,,,,,,,,,,,,,,,
,,,,,,,,,,,,,,,,
,,,,,,,,,,,,,,,,
,,,,,,,,,,,,,,,,
,,,,,,,,,,,,,,,,
,,,,,,,,,,,,,,,,
,,,,,,,,,,,,,,,,
,,,,,,,,,,,,,,,,
,,,,,,,,,,,,,,,,
,,,,,,,,,,,,,,,,
,,,,,,,,,,,,,,,,
,,,,,,,,,,,,,,,,
,,,,,,,,,,,,,,,,
,,,,,,,,,,,,,,,,
,,,,,,,,,,,,,,,,
,,,,,,,,,,,,,,,,
,,,,,,,,,,,,,,,,
,,,,,,,,,,,,,,,,
,,,,,,,,,,,,,,,,
,,,,,,,,,,,,,,,,
,,,,,,,,,,,,,,,,
,,,,,,,,,,,,,,,,
,,,,,,,,,,,,,,,,
,,,,,,,,,,,,,,,,
,,,,,,,,,,,,,,,,
,,,,,,,,,,,,,,,,
,,,,,,,,,,,,,,,,
,,,,,,,,,,,,,,,,
,,,,,,,,,,,,,,,,
,,,,,,,,,,,,,,,,
,,,,,,,,,,,,,,,,
,,,,,,,,,,,,,,,,
,,,,,,,,,,,,,,,,
,,,,,,,,,,,,,,,,
,,,,,,,,,,,,,,,,
,,,,,,,,,,,,,,,,
,,,,,,,,,,,,,,,,
,,,,,,,,,,,,,,,,
,,,,,,,,,,,,,,,,
,,,,,,,,,,,,,,,,
,,,,,,,,,,,,,,,,
,,,,,,,,,,,,,,,,
,,,,,,,,,,,,,,,,
,,,,,,,,,,,,,,,,
,,,,,,,,,,,,,,,,
,,,,,,,,,,,,,,,,
,,,,,,,,,,,,,,,,
,,,,,,,,,,,,,,,,
,,,,,,,,,,,,,,,,
,,,,,,,,,,,,,,,,
,,,,,,,,,,,,,,,,
,,,,,,,,,,,,,,,,
,,,,,,,,,,,,,,,,
,,,,,,,,,,,,,,,,
,,,,,,,,,,,,,,,,
,,,,,,,,,,,,,,,,
,,,,,,,,,,,,,,,,
,,,,,,,,,,,,,,,,
,,,,,,,,,,,,,,,,
,,,,,,,,,,,,,,,,
,,,,,,,,,,,,,,,,
,,,,,,,,,,,,,,,,
,,,,,,,,,,,,,,,,
,,,,,,,,,,,,,,,,
,,,,,,,,,,,,,,,,
,,,,,,,,,,,,,,,,
,,,,,,,,,,,,,,,,
,,,,,,,,,,,,,,,,
,,,,,,,,,,,,,,,,
,,,,,,,,,,,,,,,,
,,,,,,,,,,,,,,,,
,,,,,,,,,,,,,,,,
,,,,,,,,,,,,,,,,
,,,,,,,,,,,,,,,,
,,,,,,,,,,,,,,,,
,,,,,,,,,,,,,,,,
,,,,,,,,,,,,,,,,
,,,,,,,,,,,,,,,,
,,,,,,,,,,,,,,,,
,,,,,,,,,,,,,,,,
,,,,,,,,,,,,,,,,
,,,,,,,,,,,,,,,,
,,,,,,,,,,,,,,,,
,,,,,,,,,,,,,,,,
,,,,,,,,,,,,,,,,
,,,,,,,,,,,,,,,,
,,,,,,,,,,,,,,,,
,,,,,,,,,,,,,,,,
,,,,,,,,,,,,,,,,
,,,,,,,,,,,,,,,,
,,,,,,,,,,,,,,,,
,,,,,,,,,,,,,,,,
,,,,,,,,,,,,,,,,
,,,,,,,,,,,,,,,,
,,,,,,,,,,,,,,,,
,,,,,,,,,,,,,,,,
,,,,,,,,,,,,,,,,
,,,,,,,,,,,,,,,,
,,,,,,,,,,,,,,,,
,,,,,,,,,,,,,,,,
,,,,,,,,,,,,,,,,
,,,,,,,,,,,,,,,,
,,,,,,,,,,,,,,,,
,,,,,,,,,,,,,,,,
,,,,,,,,,,,,,,,,
,,,,,,,,,,,,,,,,
,,,,,,,,,,,,,,,,
,,,,,,,,,,,,,,,,
,,,,,,,,,,,,,,,,
,,,,,,,,,,,,,,,,
,,,,,,,,,,,,,,,,
,,,,,,,,,,,,,,,,
,,,,,,,,,,,,,,,,
,,,,,,,,,,,,,,,,
,,,,,,,,,,,,,,,,
,,,,,,,,,,,,,,,,
,,,,,,,,,,,,,,,,
,,,,,,,,,,,,,,,,
,,,,,,,,,,,,,,,,
,,,,,,,,,,,,,,,,
,,,,,,,,,,,,,,,,
,,,,,,,,,,,,,,,,
,,,,,,,,,,,,,,,,
,,,,,,,,,,,,,,,,
,,,,,,,,,,,,,,,,
,,,,,,,,,,,,,,,,
,,,,,,,,,,,,,,,,
,,,,,,,,,,,,,,,,
,,,,,,,,,,,,,,,,
,,,,,,,,,,,,,,,,
,,,,,,,,,,,,,,,,
,,,,,,,,,,,,,,,,
,,,,,,,,,,,,,,,,
,,,,,,,,,,,,,,,,
,,,,,,,,,,,,,,,,
,,,,,,,,,,,,,,,,
,,,,,,,,,,,,,,,,
,,,,,,,,,,,,,,,,
,,,,,,,,,,,,,,,,
,,,,,,,,,,,,,,,,
,,,,,,,,,,,,,,,,
,,,,,,,,,,,,,,,,
,,,,,,,,,,,,,,,,
,,,,,,,,,,,,,,,,
,,,,,,,,,,,,,,,,
,,,,,,,,,,,,,,,,
,,,,,,,,,,,,,,,,
,,,,,,,,,,,,,,,,
,,,,,,,,,,,,,,,,
,,,,,,,,,,,,,,,,
,,,,,,,,,,,,,,,,
,,,,,,,,,,,,,,,,
,,,,,,,,,,,,,,,,
,,,,,,,,,,,,,,,,
,,,,,,,,,,,,,,,,
,,,,,,,,,,,,,,,,
,,,,,,,,,,,,,,,,
,,,,,,,,,,,,,,,,
,,,,,,,,,,,,,,,,
,,,,,,,,,,,,,,,,
,,,,,,,,,,,,,,,,
,,,,,,,,,,,,,,,,
,,,,,,,,,,,,,,,,
,,,,,,,,,,,,,,,,
,,,,,,,,,,,,,,,,
,,,,,,,,,,,,,,,,
,,,,,,,,,,,,,,,,
,,,,,,,,,,,,,,,,
,,,,,,,,,,,,,,,,
,,,,,,,,,,,,,,,,
,,,,,,,,,,,,,,,,
,,,,,,,,,,,,,,,,
,,,,,,,,,,,,,,,,
,,,,,,,,,,,,,,,,
,,,,,,,,,,,,,,,,
,,,,,,,,,,,,,,,,
,,,,,,,,,,,,,,,,
,,,,,,,,,,,,,,,,
,,,,,,,,,,,,,,,,
,,,,,,,,,,,,,,,,
,,,,,,,,,,,,,,,,
,,,,,,,,,,,,,,,,
,,,,,,,,,,,,,,,,
,,,,,,,,,,,,,,,,
,,,,,,,,,,,,,,,,
,,,,,,,,,,,,,,,,
,,,,,,,,,,,,,,,,
,,,,,,,,,,,,,,,,
,,,,,,,,,,,,,,,,
,,,,,,,,,,,,,,,,
,,,,,,,,,,,,,,,,
,,,,,,,,,,,,,,,,
,,,,,,,,,,,,,,,,
,,,,,,,,,,,,,,,,
,,,,,,,,,,,,,,,,
,,,,,,,,,,,,,,,,
,,,,,,,,,,,,,,,,
,,,,,,,,,,,,,,,,
,,,,,,,,,,,,,,,,
,,,,,,,,,,,,,,,,
,,,,,,,,,,,,,,,,
,,,,,,,,,,,,,,,,
,,,,,,,,,,,,,,,,
,,,,,,,,,,,,,,,,
,,,,,,,,,,,,,,,,
,,,,,,,,,,,,,,,,
,,,,,,,,,,,,,,,,
,,,,,,,,,,,,,,,,
,,,,,,,,,,,,,,,,
,,,,,,,,,,,,,,,,
,,,,,,,,,,,,,,,,
,,,,,,,,,,,,,,,,
,,,,,,,,,,,,,,,,
,,,,,,,,,,,,,,,,
,,,,,,,,,,,,,,,,
,,,,,,,,,,,,,,,,
,,,,,,,,,,,,,,,,
,,,,,,,,,,,,,,,,
,,,,,,,,,,,,,,,,
,,,,,,,,,,,,,,,,
,,,,,,,,,,,,,,,,
,,,,,,,,,,,,,,,,
,,,,,,,,,,,,,,,,
,,,,,,,,,,,,,,,,
,,,,,,,,,,,,,,,,
,,,,,,,,,,,,,,,,
,,,,,,,,,,,,,,,,
,,,,,,,,,,,,,,,,
,,,,,,,,,,,,,,,,
,,,,,,,,,,,,,,,,
,,,,,,,,,,,,,,,,
,,,,,,,,,,,,,,,,
,,,,,,,,,,,,,,,,
,,,,,,,,,,,,,,,,
,,,,,,,,,,,,,,,,
,,,,,,,,,,,,,,,,
,,,,,,,,,,,,,,,,
,,,,,,,,,,,,,,,,
,,,,,,,,,,,,,,,,
,,,,,,,,,,,,,,,,
,,,,,,,,,,,,,,,,
,,,,,,,,,,,,,,,,
,,,,,,,,,,,,,,,,
,,,,,,,,,,,,,,,,
,,,,,,,,,,,,,,,,
,,,,,,,,,,,,,,,,
,,,,,,,,,,,,,,,,
,,,,,,,,,,,,,,,,
,,,,,,,,,,,,,,,,
,,,,,,,,,,,,,,,,
,,,,,,,,,,,,,,,,
,,,,,,,,,,,,,,,,
,,,,,,,,,,,,,,,,
,,,,,,,,,,,,,,,,
,,,,,,,,,,,,,,,,
,,,,,,,,,,,,,,,,
,,,,,,,,,,,,,,,,
,,,,,,,,,,,,,,,,
,,,,,,,,,,,,,,,,
,,,,,,,,,,,,,,,,
,,,,,,,,,,,,,,,,
,,,,,,,,,,,,,,,,
,,,,,,,,,,,,,,,,
,,,,,,,,,,,,,,,,
,,,,,,,,,,,,,,,,
,,,,,,,,,,,,,,,,
,,,,,,,,,,,,,,,,
,,,,,,,,,,,,,,,,
,,,,,,,,,,,,,,,,
,,,,,,,,,,,,,,,,
,,,,,,,,,,,,,,,,
,,,,,,,,,,,,,,,,
,,,,,,,,,,,,,,,,
,,,,,,,,,,,,,,,,
,,,,,,,,,,,,,,,,
,,,,,,,,,,,,,,,,
,,,,,,,,,,,,,,,,
,,,,,,,,,,,,,,,,
,,,,,,,,,,,,,,,,
,,,,,,,,,,,,,,,,
,,,,,,,,,,,,,,,,
,,,,,,,,,,,,,,,,
,,,,,,,,,,,,,,,,
,,,,,,,,,,,,,,,,
,,,,,,,,,,,,,,,,
,,,,,,,,,,,,,,,,
,,,,,,,,,,,,,,,,
,,,,,,,,,,,,,,,,
,,,,,,,,,,,,,,,,
,,,,,,,,,,,,,,,,
,,,,,,,,,,,,,,,,
,,,,,,,,,,,,,,,,
,,,,,,,,,,,,,,,,
,,,,,,,,,,,,,,,,
,,,,,,,,,,,,,,,,
,,,,,,,,,,,,,,,,
,,,,,,,,,,,,,,,,
,,,,,,,,,,,,,,,,
,,,,,,,,,,,,,,,,
,,,,,,,,,,,,,,,,
,,,,,,,,,,,,,,,,
,,,,,,,,,,,,,,,,
,,,,,,,,,,,,,,,,
,,,,,,,,,,,,,,,,
,,,,,,,,,,,,,,,,
,,,,,,,,,,,,,,,,
,,,,,,,,,,,,,,,,
,,,,,,,,,,,,,,,,
,,,,,,,,,,,,,,,,
,,,,,,,,,,,,,,,,
,,,,,,,,,,,,,,,,
,,,,,,,,,,,,,,,,
,,,,,,,,,,,,,,,,
,,,,,,,,,,,,,,,,
,,,,,,,,,,,,,,,,
,,,,,,,,,,,,,,,,
,,,,,,,,,,,,,,,,
,,,,,,,,,,,,,,,,
,,,,,,,,,,,,,,,,
,,,,,,,,,,,,,,,,
,,,,,,,,,,,,,,,,
,,,,,,,,,,,,,,,,
,,,,,,,,,,,,,,,,
,,,,,,,,,,,,,,,,
,,,,,,,,,,,,,,,,
,,,,,,,,,,,,,,,,
,,,,,,,,,,,,,,,,
,,,,,,,,,,,,,,,,
,,,,,,,,,,,,,,,,
,,,,,,,,,,,,,,,,
,,,,,,,,,,,,,,,,
,,,,,,,,,,,,,,,,
,,,,,,,,,,,,,,,,
,,,,,,,,,,,,,,,,
,,,,,,,,,,,,,,,,
,,,,,,,,,,,,,,,,
,,,,,,,,,,,,,,,,
,,,,,,,,,,,,,,,,
,,,,,,,,,,,,,,,,
,,,,,,,,,,,,,,,,
,,,,,,,,,,,,,,,,
,,,,,,,,,,,,,,,,
,,,,,,,,,,,,,,,,
,,,,,,,,,,,,,,,,
,,,,,,,,,,,,,,,,
,,,,,,,,,,,,,,,,
,,,,,,,,,,,,,,,,
,,,,,,,,,,,,,,,,
,,,,,,,,,,,,,,,,
,,,,,,,,,,,,,,,,
,,,,,,,,,,,,,,,,
,,,,,,,,,,,,,,,,
,,,,,,,,,,,,,,,,
,,,,,,,,,,,,,,,,
,,,,,,,,,,,,,,,,
,,,,,,,,,,,,,,,,
,,,,,,,,,,,,,,,,
,,,,,,,,,,,,,,,,
,,,,,,,,,,,,,,,,
,,,,,,,,,,,,,,,,
,,,,,,,,,,,,,,,,
,,,,,,,,,,,,,,,,
,,,,,,,,,,,,,,,,
,,,,,,,,,,,,,,,,
,,,,,,,,,,,,,,,,
,,,,,,,,,,,,,,,,
,,,,,,,,,,,,,,,,
,,,,,,,,,,,,,,,,
,,,,,,,,,,,,,,,,
,,,,,,,,,,,,,,,,
,,,,,,,,,,,,,,,,
,,,,,,,,,,,,,,,,
,,,,,,,,,,,,,,,,
,,,,,,,,,,,,,,,,
,,,,,,,,,,,,,,,,
,,,,,,,,,,,,,,,,
,,,,,,,,,,,,,,,,
,,,,,,,,,,,,,,,,
,,,,,,,,,,,,,,,,
,,,,,,,,,,,,,,,,
,,,,,,,,,,,,,,,,
,,,,,,,,,,,,,,,,
,,,,,,,,,,,,,,,,
,,,,,,,,,,,,,,,,
,,,,,,,,,,,,,,,,
,,,,,,,,,,,,,,,,
,,,,,,,,,,,,,,,,
,,,,,,,,,,,,,,,,
,,,,,,,,,,,,,,,,
,,,,,,,,,,,,,,,,
,,,,,,,,,,,,,,,,
,,,,,,,,,,,,,,,,
,,,,,,,,,,,,,,,,
,,,,,,,,,,,,,,,,
,,,,,,,,,,,,,,,,
,,,,,,,,,,,,,,,,
,,,,,,,,,,,,,,,,
,,,,,,,,,,,,,,,,
,,,,,,,,,,,,,,,,
,,,,,,,,,,,,,,,,
,,,,,,,,,,,,,,,,
,,,,,,,,,,,,,,,,
,,,,,,,,,,,,,,,,
,,,,,,,,,,,,,,,,
,,,,,,,,,,,,,,,,
,,,,,,,,,,,,,,,,
,,,,,,,,,,,,,,,,
,,,,,,,,,,,,,,,,
,,,,,,,,,,,,,,,,
,,,,,,,,,,,,,,,,
,,,,,,,,,,,,,,,,
,,,,,,,,,,,,,,,,
,,,,,,,,,,,,,,,,
,,,,,,,,,,,,,,,,
,,,,,,,,,,,,,,,,
,,,,,,,,,,,,,,,,
,,,,,,,,,,,,,,,,
,,,,,,,,,,,,,,,,
,,,,,,,,,,,,,,,,
,,,,,,,,,,,,,,,,
,,,,,,,,,,,,,,,,
,,,,,,,,,,,,,,,,
,,,,,,,,,,,,,,,,
,,,,,,,,,,,,,,,,
,,,,,,,,,,,,,,,,
,,,,,,,,,,,,,,,,
,,,,,,,,,,,,,,,,
,,,,,,,,,,,,,,,,
,,,,,,,,,,,,,,,,
,,,,,,,,,,,,,,,,
,,,,,,,,,,,,,,,,
,,,,,,,,,,,,,,,,
,,,,,,,,,,,,,,,,
,,,,,,,,,,,,,,,,
,,,,,,,,,,,,,,,,
,,,,,,,,,,,,,,,,
,,,,,,,,,,,,,,,,
,,,,,,,,,,,,,,,,
,,,,,,,,,,,,,,,,
,,,,,,,,,,,,,,,,
,,,,,,,,,,,,,,,,
,,,,,,,,,,,,,,,,
,,,,,,,,,,,,,,,,
,,,,,,,,,,,,,,,,
,,,,,,,,,,,,,,,,
,,,,,,,,,,,,,,,,
,,,,,,,,,,,,,,,,
,,,,,,,,,,,,,,,,
,,,,,,,,,,,,,,,,
,,,,,,,,,,,,,,,,
,,,,,,,,,,,,,,,,
,,,,,,,,,,,,,,,,
,,,,,,,,,,,,,,,,
,,,,,,,,,,,,,,,,
,,,,,,,,,,,,,,,,
,,,,,,,,,,,,,,,,
,,,,,,,,,,,,,,,,
,,,,,,,,,,,,,,,,
,,,,,,,,,,,,,,,,
,,,,,,,,,,,,,,,,
,,,,,,,,,,,,,,,,
,,,,,,,,,,,,,,,,
,,,,,,,,,,,,,,,,
,,,,,,,,,,,,,,,,
,,,,,,,,,,,,,,,,
,,,,,,,,,,,,,,,,
,,,,,,,,,,,,,,,,
,,,,,,,,,,,,,,,,
,,,,,,,,,,,,,,,,
,,,,,,,,,,,,,,,,
,,,,,,,,,,,,,,,,
,,,,,,,,,,,,,,,,
,,,,,,,,,,,,,,,,
,,,,,,,,,,,,,,,,
,,,,,,,,,,,,,,,,
,,,,,,,,,,,,,,,,
,,,,,,,,,,,,,,,,
,,,,,,,,,,,,,,,,
,,,,,,,,,,,,,,,,
,,,,,,,,,,,,,,,,
,,,,,,,,,,,,,,,,
,,,,,,,,,,,,,,,,
,,,,,,,,,,,,,,,,
,,,,,,,,,,,,,,,,
,,,,,,,,,,,,,,,,